'hood	1	'hood.n.01
'hoods	1	'hood.n.01
's_gravenhage	1	the_hague.n.01
's_gravenhages	1	the_hague.n.01
'tween	1	between.r.02
'tween_decks	1	between_decks.r.01
.22-caliberer	1	.22_caliber.a.01
.22-caliberest	1	.22_caliber.a.01
.22-calibreest	1	.22_caliber.a.01
.22-calibrest	1	.22_caliber.a.01
.22_caliberer	1	.22_caliber.a.01
.22_caliberest	1	.22_caliber.a.01
.22_calibreest	1	.22_caliber.a.01
.22_calibrest	1	.22_caliber.a.01
.38-caliberer	1	.38_caliber.a.01
.38-caliberest	1	.38_caliber.a.01
.38-calibreest	1	.38_caliber.a.01
.38-calibrest	1	.38_caliber.a.01
.38_caliberer	1	.38_caliber.a.01
.38_caliberest	1	.38_caliber.a.01
.38_calibreest	1	.38_caliber.a.01
.38_calibrest	1	.38_caliber.a.01
.45-caliberer	1	.45_caliber.a.01
.45-caliberest	1	.45_caliber.a.01
.45-calibreest	1	.45_caliber.a.01
.45-calibrest	1	.45_caliber.a.01
.45_caliberer	1	.45_caliber.a.01
.45_caliberest	1	.45_caliber.a.01
.45_calibreest	1	.45_caliber.a.01
.45_calibrest	1	.45_caliber.a.01
0est	1	zero.s.01
1	1	one.n.01
1	2	one.s.01
1-dodecanol	1	lauryl_alcohol.n.01
1-dodecanols	1	lauryl_alcohol.n.01
1-hitter	1	one-hitter.n.01
1-hitters	1	one-hitter.n.01
10-membereder	1	ten-membered.s.01
10-memberedest	1	ten-membered.s.01
1000	1	thousand.n.01
1000	2	thousand.s.01
10000	1	ten_thousand.n.01
100000	1	hundred_thousand.n.01
1000000	1	million.n.01
1000000000	1	billion.n.03
1000000000000	1	trillion.n.03
1000000000000	2	billion.n.01
1000000000000s	1	trillion.n.03
1000000000000s	2	billion.n.01
1000000000s	1	billion.n.03
1000000s	1	million.n.01
100000s	1	hundred_thousand.n.01
10000s	1	ten_thousand.n.01
1000er	1	thousand.s.01
1000est	1	thousand.s.01
1000s	1	thousand.n.01
1000th	1	thousandth.s.01
1000ther	1	thousandth.s.01
1000thest	1	thousandth.s.01
100est	1	hundred.s.01
100thest	1	hundredth.s.01
101	1	hundred_and_one.s.01
101er	1	hundred_and_one.s.01
101est	1	hundred_and_one.s.01
101stest	1	hundred-and-first.s.01
105	1	one_hundred_five.s.01
105er	1	one_hundred_five.s.01
105est	1	one_hundred_five.s.01
105thest	1	hundred-and-fifth.s.01
10est	1	ten.s.01
10thest	1	tenth.s.01
11	1	eleven.n.01
11	2	eleven.s.01
11-plus	1	eleven-plus.n.01
11-pluses	1	eleven-plus.n.01
11-pluss	1	eleven-plus.n.01
110	1	one_hundred_ten.s.01
110er	1	one_hundred_ten.s.01
110est	1	one_hundred_ten.s.01
110thest	1	hundred-and-tenth.s.01
115	1	one_hundred_fifteen.s.01
115er	1	one_hundred_fifteen.s.01
115est	1	one_hundred_fifteen.s.01
115th	1	hundred-and-fifteenth.s.01
115ther	1	hundred-and-fifteenth.s.01
115thest	1	hundred-and-fifteenth.s.01
11_november	1	martinmas.n.01
11_novembers	1	martinmas.n.01
11er	1	eleven.s.01
11est	1	eleven.s.01
11s	1	eleven.n.01
11th	1	eleventh.s.01
11ther	1	eleventh.s.01
11thest	1	eleventh.s.01
12	1	twelve.n.01
12	2	twelve.s.01
12-tone_music	1	twelve-tone_music.n.01
12-tone_musics	1	twelve-tone_music.n.01
12-tone_system	1	twelve-tone_music.n.01
12-tone_systems	1	twelve-tone_music.n.01
120	1	long_hundred.n.01
120	2	one_hundred_twenty.s.01
120er	1	one_hundred_twenty.s.01
120est	1	one_hundred_twenty.s.01
120s	1	long_hundred.n.01
120thest	1	hundred-and-twentieth.s.01
125	1	one_hundred_twenty-five.s.01
125er	1	one_hundred_twenty-five.s.01
125est	1	one_hundred_twenty-five.s.01
125thest	1	hundred-and-twenty-fifth.s.01
12er	1	twelve.s.01
12est	1	twelve.s.01
12s	1	twelve.n.01
12th	1	twelfth.s.01
12ther	1	twelfth.s.01
12thest	1	twelfth.s.01
13	1	thirteen.n.01
13	2	thirteen.s.01
130	1	one_hundred_thirty.s.01
130er	1	one_hundred_thirty.s.01
130est	1	one_hundred_thirty.s.01
130thest	1	hundred-and-thirtieth.s.01
135	1	one_hundred_thirty-five.s.01
135er	1	one_hundred_thirty-five.s.01
135est	1	one_hundred_thirty-five.s.01
135thest	1	hundred-and-thirty-fifth.s.01
13er	1	thirteen.s.01
13est	1	thirteen.s.01
13s	1	thirteen.n.01
13th	1	thirteenth.s.01
13ther	1	thirteenth.s.01
13thest	1	thirteenth.s.01
14	1	fourteen.n.01
14	2	fourteen.s.01
140	1	one_hundred_forty.s.01
140er	1	one_hundred_forty.s.01
140est	1	one_hundred_forty.s.01
140th	1	hundred-and-fortieth.s.01
140ther	1	hundred-and-fortieth.s.01
140thest	1	hundred-and-fortieth.s.01
144	1	gross.n.01
144s	1	gross.n.01
145	1	one_hundred_forty-five.s.01
145er	1	one_hundred_forty-five.s.01
145est	1	one_hundred_forty-five.s.01
145th	1	hundred-and-forty-fifth.s.01
145ther	1	hundred-and-forty-fifth.s.01
145thest	1	hundred-and-forty-fifth.s.01
14_julies	1	bastille_day.n.01
14_july	1	bastille_day.n.01
14_julys	1	bastille_day.n.01
14er	1	fourteen.s.01
14est	1	fourteen.s.01
14s	1	fourteen.n.01
14th	1	fourteenth.s.01
14ther	1	fourteenth.s.01
14thest	1	fourteenth.s.01
15	1	fifteen.n.01
15	2	fifteen.s.01
150	1	one_hundred_fifty.s.01
150er	1	one_hundred_fifty.s.01
150est	1	one_hundred_fifty.s.01
150thest	1	hundred-and-fiftieth.s.01
155	1	one_hundred_fifty-five.s.01
155er	1	one_hundred_fifty-five.s.01
155est	1	one_hundred_fifty-five.s.01
155thest	1	hundred-and-fifty-fifth.s.01
15_august_1945	1	v-j_day.n.01
15_august_1945s	1	v-j_day.n.01
15_may_organization	1	15_may_organization.n.01
15_may_organizations	1	15_may_organization.n.01
15_minutes	1	quarter-hour.n.01
15_minuteses	1	quarter-hour.n.01
15_minutess	1	quarter-hour.n.01
15er	1	fifteen.s.01
15est	1	fifteen.s.01
15s	1	fifteen.n.01
15th	1	fifteenth.s.01
15ther	1	fifteenth.s.01
15thest	1	fifteenth.s.01
16	1	sixteen.n.01
16	2	sixteen.s.01
160	1	one_hundred_sixty.s.01
160er	1	one_hundred_sixty.s.01
160est	1	one_hundred_sixty.s.01
160thest	1	hundred-and-sixtieth.s.01
165	1	one_hundred_sixty-five.s.01
165er	1	one_hundred_sixty-five.s.01
165est	1	one_hundred_sixty-five.s.01
165thest	1	hundred-and-sixty-fifth.s.01
16_pf	1	sixteen_personality_factor_questionnaire.n.01
16_pfs	1	sixteen_personality_factor_questionnaire.n.01
16er	1	sixteen.s.01
16est	1	sixteen.s.01
16s	1	sixteen.n.01
16th	1	sixteenth.s.01
16ther	1	sixteenth.s.01
16thest	1	sixteenth.s.01
17	1	seventeen.n.01
17	2	seventeen.s.01
170	1	one_hundred_seventy.s.01
170er	1	one_hundred_seventy.s.01
170est	1	one_hundred_seventy.s.01
170thest	1	hundred-and-seventieth.s.01
1728	1	great_gross.n.01
1728s	1	great_gross.n.01
175	1	one_hundred_seventy-five.s.01
175er	1	one_hundred_seventy-five.s.01
175est	1	one_hundred_seventy-five.s.01
175thest	1	hundred-and-seventy-fifth.s.01
17_november	1	revolutionary_organization_17_november.n.01
17_novembers	1	revolutionary_organization_17_november.n.01
17er	1	seventeen.s.01
17est	1	seventeen.s.01
17s	1	seventeen.n.01
17th	1	seventeenth.s.01
17ther	1	seventeenth.s.01
17thest	1	seventeenth.s.01
18	1	eighteen.n.01
18	2	eighteen.s.01
18-karat_gold	1	18-karat_gold.n.01
18-karat_golds	1	18-karat_gold.n.01
180	1	one_hundred_eighty.s.01
180er	1	one_hundred_eighty.s.01
180est	1	one_hundred_eighty.s.01
180th	1	hundred-and-eightieth.s.01
180ther	1	hundred-and-eightieth.s.01
180thest	1	hundred-and-eightieth.s.01
1880s	1	eighties.n.01
1880ses	1	eighties.n.01
1880ss	1	eighties.n.01
1890s	1	nineties.n.01
1890ses	1	nineties.n.01
1890ss	1	nineties.n.01
18er	1	eighteen.s.01
18est	1	eighteen.s.01
18s	1	eighteen.n.01
18th	1	eighteenth.s.01
18ther	1	eighteenth.s.01
18thest	1	eighteenth.s.01
19	1	nineteen.n.01
19	2	nineteen.s.01
190	1	one_hundred_ninety.s.01
190er	1	one_hundred_ninety.s.01
190est	1	one_hundred_ninety.s.01
190th	1	hundred-and-ninetieth.s.01
190ther	1	hundred-and-ninetieth.s.01
190thest	1	hundred-and-ninetieth.s.01
1940s	1	forties.n.02
1940ses	1	forties.n.02
1940ss	1	forties.n.02
1980s	1	eighties.n.02
1980ses	1	eighties.n.02
1980ss	1	eighties.n.02
1990s	1	nineties.n.02
1990ses	1	nineties.n.02
1990ss	1	nineties.n.02
19er	1	nineteen.s.01
19est	1	nineteen.s.01
19s	1	nineteen.n.01
19th	1	nineteenth.s.01
19ther	1	nineteenth.s.01
19thest	1	nineteenth.s.01
1_chronicles	1	i_chronicles.n.01
1_chronicleses	1	i_chronicles.n.01
1_chronicless	1	i_chronicles.n.01
1_esdras	1	i_esdra.n.01
1_esdrases	1	i_esdra.n.01
1_esdrass	1	i_esdra.n.01
1_kings	1	i_kings.n.01
1_kingses	1	i_kings.n.01
1_kingss	1	i_kings.n.01
1_maccabees	1	i_maccabees.n.01
1_maccabeeses	1	i_maccabees.n.01
1_maccabeess	1	i_maccabees.n.01
1_samuel	1	i_samuel.n.01
1_samuels	1	i_samuel.n.01
1er	1	one.s.01
1est	1	one.s.01
1s	1	one.n.01
1st_baron_beaverbrook	1	beaverbrook.n.01
1st_baron_beaverbrooks	1	beaverbrook.n.01
1st_baron_verulam	1	bacon.n.03
1st_baron_verulams	1	bacon.n.03
1st_classes	1	first_class.n.02
1st_earl_attlee	1	attlee.n.01
1st_earl_attlees	1	attlee.n.01
1st_earl_baldwin_of_bewdleies	1	baldwin.n.02
1st_earl_baldwin_of_bewdley	1	baldwin.n.02
1st_earl_baldwin_of_bewdleys	1	baldwin.n.02
1st_earl_of_balfour	1	balfour.n.01
1st_earl_of_balfours	1	balfour.n.01
1st_lieutenant	1	first_lieutenant.n.01
1st_lieutenants	1	first_lieutenant.n.01
1st_viscount_montgomery_of_alamein	1	montgomery.n.02
1st_viscount_montgomery_of_alameins	1	montgomery.n.02
1stest	1	first.s.02
2-dimensional	1	two-dimensional.s.02
2-dimensionaler	1	two-dimensional.s.02
2-dimensionalest	1	two-dimensional.s.02
2-hitter	1	two-hitter.n.01
2-hitters	1	two-hitter.n.01
2-hydroxybenzoic_acid	1	salicylic_acid.n.01
2-hydroxybenzoic_acids	1	salicylic_acid.n.01
2-methylpropenoic_acid	1	methacrylic_acid.n.01
2-methylpropenoic_acids	1	methacrylic_acid.n.01
200est	1	two_hundred.s.01
200thest	1	two-hundredth.s.01
20est	1	twenty.s.01
20thest	1	twentieth.s.01
21	1	twenty-one.n.01
21	2	twenty-one.s.01
21er	1	twenty-one.s.01
21est	1	twenty-one.s.01
21s	1	twenty-one.n.01
21stest	1	twenty-first.s.01
22-karat_gold	1	22-karat_gold.n.01
22-karat_golds	1	22-karat_gold.n.01
22est	1	twenty-two.s.01
22nd	1	twenty-second.s.01
22nder	1	twenty-second.s.01
22ndest	1	twenty-second.s.01
23est	1	twenty-three.s.01
23rdest	1	twenty-third.s.01
24	1	twenty-four.n.01
24	2	twenty-four.s.01
24-hour_interval	1	day.n.01
24-hour_intervals	1	day.n.01
24-karat_gold	1	24-karat_gold.n.01
24-karat_golds	1	24-karat_gold.n.01
24er	1	twenty-four.s.01
24est	1	twenty-four.s.01
24s	1	twenty-four.n.01
24th	1	twenty-fourth.s.01
24ther	1	twenty-fourth.s.01
24thest	1	twenty-fourth.s.01
25est	1	twenty-five.s.01
25thest	1	twenty-fifth.s.01
26est	1	twenty-six.s.01
26thest	1	twenty-sixth.s.01
27est	1	twenty-seven.s.01
27thest	1	twenty-seventh.s.01
28	1	twenty-eight.n.01
28	2	twenty-eight.s.01
28er	1	twenty-eight.s.01
28est	1	twenty-eight.s.01
28s	1	twenty-eight.n.01
28th	1	twenty-eighth.s.01
28ther	1	twenty-eighth.s.01
28thest	1	twenty-eighth.s.01
29	1	twenty-nine.n.01
29	2	twenty-nine.s.01
29er	1	twenty-nine.s.01
29est	1	twenty-nine.s.01
29s	1	twenty-nine.n.01
29th	1	twenty-ninth.s.01
29ther	1	twenty-ninth.s.01
29thest	1	twenty-ninth.s.01
2_chronicles	1	ii_chronicles.n.01
2_chronicleses	1	ii_chronicles.n.01
2_chronicless	1	ii_chronicles.n.01
2_esdras	1	ii_esdras.n.01
2_esdrases	1	ii_esdras.n.01
2_esdrass	1	ii_esdras.n.01
2_kings	1	ii_kings.n.01
2_kingses	1	ii_kings.n.01
2_kingss	1	ii_kings.n.01
2_maccabees	1	ii_maccabees.n.01
2_maccabeeses	1	ii_maccabees.n.01
2_maccabeess	1	ii_maccabees.n.01
2_samuel	1	ii_samuel.n.01
2_samuels	1	ii_samuel.n.01
2d	1	second.s.01
2der	1	second.s.01
2dest	1	second.s.01
2est	1	two.s.01
2nd	1	second.s.01
2nd_lieutenant	1	second_lieutenant.n.01
2nd_lieutenants	1	second_lieutenant.n.01
2nder	1	second.s.01
2ndest	1	second.s.01
3-dimensional	1	three-dimensional.s.01
3-dimensionaler	1	three-dimensional.s.01
3-dimensionalest	1	three-dimensional.s.01
3-hitter	1	three-hitter.n.01
3-hitters	1	three-hitter.n.01
3-membereder	1	three-membered.s.01
3-memberedest	1	three-membered.s.01
300est	1	three_hundred.s.01
300thest	1	three-hundredth.s.01
30_minutes	1	half-hour.n.01
30_minuteses	1	half-hour.n.01
30_minutess	1	half-hour.n.01
30est	1	thirty.s.01
30thest	1	thirtieth.s.01
31	1	thirty-one.s.01
31er	1	thirty-one.s.01
31est	1	thirty-one.s.01
31stest	1	thirty-first.s.01
32est	1	thirty-two.s.01
32nd	1	thirty-second.s.01
32nder	1	thirty-second.s.01
32ndest	1	thirty-second.s.01
33est	1	thirty-three.s.01
33rdest	1	thirty-third.s.01
34	1	thirty-four.s.01
34er	1	thirty-four.s.01
34est	1	thirty-four.s.01
34th	1	thirty-fourth.s.01
34ther	1	thirty-fourth.s.01
34thest	1	thirty-fourth.s.01
35est	1	thirty-five.s.01
35thest	1	thirty-fifth.s.01
365_days	1	common_year.n.01
365_dayses	1	common_year.n.01
365_dayss	1	common_year.n.01
366_days	1	leap_year.n.01
366_dayses	1	leap_year.n.01
366_dayss	1	leap_year.n.01
36est	1	thirty-six.s.01
36thest	1	thirty-sixth.s.01
37est	1	thirty-seven.s.01
37thest	1	thirty-seventh.s.01
38	1	thirty-eight.s.01
38er	1	thirty-eight.s.01
38est	1	thirty-eight.s.01
38th	1	thirty-eighth.s.01
38ther	1	thirty-eighth.s.01
38thest	1	thirty-eighth.s.01
39	1	thirty-nine.s.01
39er	1	thirty-nine.s.01
39est	1	thirty-nine.s.01
39th	1	thirty-ninth.s.01
39ther	1	thirty-ninth.s.01
39thest	1	thirty-ninth.s.01
3d_radar	1	three-dimensional_radar.n.01
3d_radars	1	three-dimensional_radar.n.01
3est	1	three.s.01
3rd_october_organization	1	armenian_secret_army_for_the_liberation_of_armenia.n.01
3rd_october_organizations	1	armenian_secret_army_for_the_liberation_of_armenia.n.01
3rdest	1	third.s.01
3tc	1	lamivudine.n.01
3tcs	1	lamivudine.n.01
4	1	four.n.01
4	2	four.s.01
4-dimensional	1	four-dimensional.s.01
4-dimensionaler	1	four-dimensional.s.01
4-dimensionalest	1	four-dimensional.s.01
4-hitter	1	four-hitter.n.01
4-hitters	1	four-hitter.n.01
4-membered	1	four-membered.s.01
4-membereder	1	four-membered.s.01
4-memberedest	1	four-membered.s.01
40	1	forty.n.01
40	2	forty.s.01
400	1	four_hundred.s.01
400er	1	four_hundred.s.01
400est	1	four_hundred.s.01
400th	1	four-hundredth.s.01
400ther	1	four-hundredth.s.01
400thest	1	four-hundredth.s.01
401-k_plans	1	401-k_plan.n.01
40er	1	forty.s.01
40est	1	forty.s.01
40s	1	forty.n.01
40th	1	fortieth.s.01
40ther	1	fortieth.s.01
40thest	1	fortieth.s.01
41	1	forty-one.s.01
41er	1	forty-one.s.01
41est	1	forty-one.s.01
41st	1	forty-first.s.01
41ster	1	forty-first.s.01
41stest	1	forty-first.s.01
42	1	forty-two.s.01
42er	1	forty-two.s.01
42est	1	forty-two.s.01
42nd	1	forty-second.s.01
42nder	1	forty-second.s.01
42ndest	1	forty-second.s.01
43	1	forty-three.s.01
43er	1	forty-three.s.01
43est	1	forty-three.s.01
43rd	1	forty-third.s.01
43rder	1	forty-third.s.01
43rdest	1	forty-third.s.01
44	1	forty-four.s.01
440_yards	1	quarter_mile.n.01
440_yardses	1	quarter_mile.n.01
440_yardss	1	quarter_mile.n.01
44er	1	forty-four.s.01
44est	1	forty-four.s.01
44th	1	forty-fourth.s.01
44ther	1	forty-fourth.s.01
44thest	1	forty-fourth.s.01
45	1	forty-five.s.01
45er	1	forty-five.s.01
45est	1	forty-five.s.01
45th	1	forty-fifth.s.01
45ther	1	forty-fifth.s.01
45thest	1	forty-fifth.s.01
46	1	forty-six.s.01
46er	1	forty-six.s.01
46est	1	forty-six.s.01
46th	1	forty-sixth.s.01
46ther	1	forty-sixth.s.01
46thest	1	forty-sixth.s.01
47	1	forty-seven.s.01
47er	1	forty-seven.s.01
47est	1	forty-seven.s.01
47th	1	forty-seventh.s.01
47ther	1	forty-seventh.s.01
47thest	1	forty-seventh.s.01
48	1	forty-eight.s.01
48er	1	forty-eight.s.01
48est	1	forty-eight.s.01
48th	1	forty-eighth.s.01
48ther	1	forty-eighth.s.01
48thest	1	forty-eighth.s.01
49	1	forty-nine.s.01
49er	1	forty-nine.s.01
49est	1	forty-nine.s.01
49th	1	forty-ninth.s.01
49ther	1	forty-ninth.s.01
49thest	1	forty-ninth.s.01
4er	1	four.s.01
4est	1	four.s.01
4s	1	four.n.01
4th	1	fourth.s.01
4ther	1	fourth.s.01
4thest	1	fourth.s.01
4to	1	quarto.n.01
4tos	1	quarto.n.01
4wd	1	four-wheel_drive.n.01
4wd	2	four-wheel_drive.n.02
4wds	1	four-wheel_drive.n.01
4wds	2	four-wheel_drive.n.02
5-hitter	1	five-hitter.n.01
5-hitters	1	five-hitter.n.01
5-hydroxy-3-methylglutaryl-coenzyme_a_reductase	1	hmg-coa_reductase.n.01
5-hydroxy-3-methylglutaryl-coenzyme_a_reductases	1	hmg-coa_reductase.n.01
5-hydroxytryptamine	1	serotonin.n.01
5-hydroxytryptamines	1	serotonin.n.01
5-membereder	1	five-membered.s.01
5-memberedest	1	five-membered.s.01
500est	1	five_hundred.s.01
500thest	1	five-hundredth.s.01
50est	1	fifty.s.01
50thest	1	fiftieth.s.01
51	1	fifty-one.s.01
51er	1	fifty-one.s.01
51est	1	fifty-one.s.01
52est	1	fifty-two.s.01
53est	1	fifty-three.s.01
54	1	fifty-four.s.01
54er	1	fifty-four.s.01
54est	1	fifty-four.s.01
55est	1	fifty-five.s.01
55thest	1	fifty-fifth.s.01
56est	1	fifty-six.s.01
57est	1	fifty-seven.s.01
58	1	fifty-eight.s.01
58er	1	fifty-eight.s.01
58est	1	fifty-eight.s.01
59	1	fifty-nine.s.01
59er	1	fifty-nine.s.01
59est	1	fifty-nine.s.01
5est	1	five.s.01
5thest	1	fifth.s.01
6-membereder	1	six-membered.s.01
6-memberedest	1	six-membered.s.01
60_minutes	1	hour.n.01
60_minuteses	1	hour.n.01
60_minutess	1	hour.n.01
60est	1	sixty.s.01
60thest	1	sixtieth.s.01
61	1	sixty-one.s.01
61er	1	sixty-one.s.01
61est	1	sixty-one.s.01
62est	1	sixty-two.s.01
63est	1	sixty-three.s.01
64	1	sixty-four.s.01
64er	1	sixty-four.s.01
64est	1	sixty-four.s.01
64th	1	sixty-fourth.s.01
64ther	1	sixty-fourth.s.01
64thest	1	sixty-fourth.s.01
65est	1	sixty-five.s.01
65thest	1	sixty-fifth.s.01
66est	1	sixty-six.s.01
67est	1	sixty-seven.s.01
68	1	sixty-eight.s.01
68er	1	sixty-eight.s.01
68est	1	sixty-eight.s.01
69	1	sixty-nine.s.01
69er	1	sixty-nine.s.01
69est	1	sixty-nine.s.01
6_june_1944	1	d-day.n.01
6_june_1944s	1	d-day.n.01
6est	1	six.s.01
6thest	1	sixth.s.01
7-membereder	1	seven-membered.s.01
7-memberedest	1	seven-membered.s.01
70est	1	seventy.s.01
70thest	1	seventieth.s.01
71	1	seventy-one.s.01
71er	1	seventy-one.s.01
71est	1	seventy-one.s.01
72est	1	seventy-two.s.01
73est	1	seventy-three.s.01
74	1	seventy-four.s.01
74er	1	seventy-four.s.01
74est	1	seventy-four.s.01
75est	1	seventy-five.s.01
75thest	1	seventy-fifth.s.01
76est	1	seventy-six.s.01
77est	1	seventy-seven.s.01
78	1	seventy-eight.n.01
78	2	seventy-eight.n.02
78	3	seventy-eight.s.01
78er	1	seventy-eight.s.01
78est	1	seventy-eight.s.01
78s	1	seventy-eight.n.01
78s	2	seventy-eight.n.02
79	1	seventy-nine.s.01
79er	1	seventy-nine.s.01
79est	1	seventy-nine.s.01
7est	1	seven.s.01
7thest	1	seventh.s.01
8	1	eight.n.01
8	2	eight.s.01
8-membered	1	eight-membered.s.01
8-membereder	1	eight-membered.s.01
8-memberedest	1	eight-membered.s.01
80	1	eighty.n.01
80	2	eighty.s.01
80er	1	eighty.s.01
80est	1	eighty.s.01
80s	1	eighty.n.01
80th	1	eightieth.s.01
80ther	1	eightieth.s.01
80thest	1	eightieth.s.01
81	1	eighty-one.s.01
81er	1	eighty-one.s.01
81est	1	eighty-one.s.01
82	1	eighty-two.s.01
82er	1	eighty-two.s.01
82est	1	eighty-two.s.01
83	1	eighty-three.s.01
83er	1	eighty-three.s.01
83est	1	eighty-three.s.01
84	1	eighty-four.s.01
84er	1	eighty-four.s.01
84est	1	eighty-four.s.01
85	1	eighty-five.s.01
85er	1	eighty-five.s.01
85est	1	eighty-five.s.01
85th	1	eighty-fifth.s.01
85ther	1	eighty-fifth.s.01
85thest	1	eighty-fifth.s.01
86	1	eighty-six.s.01
86er	1	eighty-six.s.01
86est	1	eighty-six.s.01
87	1	eighty-seven.s.01
87er	1	eighty-seven.s.01
87est	1	eighty-seven.s.01
88	1	eighty-eight.s.01
880_yards	1	half_mile.n.01
880_yardses	1	half_mile.n.01
880_yardss	1	half_mile.n.01
88er	1	eighty-eight.s.01
88est	1	eighty-eight.s.01
89	1	eighty-nine.s.01
89er	1	eighty-nine.s.01
89est	1	eighty-nine.s.01
8er	1	eight.s.01
8est	1	eight.s.01
8s	1	eight.n.01
8th	1	eighth.s.01
8ther	1	eighth.s.01
8thest	1	eighth.s.01
8vo	1	octavo.n.01
8vos	1	octavo.n.01
9	1	nine.n.01
9	2	nine.s.01
9-membered	1	nine-membered.s.01
9-membereder	1	nine-membered.s.01
9-memberedest	1	nine-membered.s.01
90	1	ninety.n.01
90	2	ninety.s.01
90er	1	ninety.s.01
90est	1	ninety.s.01
90s	1	ninety.n.01
90th	1	ninetieth.s.01
90ther	1	ninetieth.s.01
90thest	1	ninetieth.s.01
91	1	ninety-one.s.01
91er	1	ninety-one.s.01
91est	1	ninety-one.s.01
92	1	ninety-two.s.01
92er	1	ninety-two.s.01
92est	1	ninety-two.s.01
93	1	ninety-three.s.01
93er	1	ninety-three.s.01
93est	1	ninety-three.s.01
94	1	ninety-four.s.01
94er	1	ninety-four.s.01
94est	1	ninety-four.s.01
95	1	ninety-five.s.01
95er	1	ninety-five.s.01
95est	1	ninety-five.s.01
95th	1	ninety-fifth.s.01
95ther	1	ninety-fifth.s.01
95thest	1	ninety-fifth.s.01
96	1	ninety-six.s.01
96er	1	ninety-six.s.01
96est	1	ninety-six.s.01
97	1	ninety-seven.s.01
97er	1	ninety-seven.s.01
97est	1	ninety-seven.s.01
98	1	ninety-eight.s.01
98er	1	ninety-eight.s.01
98est	1	ninety-eight.s.01
99	1	ninety-nine.s.01
99er	1	ninety-nine.s.01
99est	1	ninety-nine.s.01
9er	1	nine.s.01
9est	1	nine.s.01
9s	1	nine.n.01
9th	1	ninth.s.01
9ther	1	ninth.s.01
9thest	1	ninth.s.01
a	2	vitamin_a.n.01
a	3	deoxyadenosine_monophosphate.n.01
a	4	adenine.n.01
a	5	ampere.n.02
a'mans	1	a'man.n.01
a-bomb	1	atom_bomb.n.01
a-bombs	1	atom_bomb.n.01
a-horizon	1	a-horizon.n.01
a-horizons	1	a-horizon.n.01
a-line	1	a-line.n.01
a-lines	1	a-line.n.01
a-okayer	1	a-ok.s.01
a-okayest	1	a-ok.s.01
a-oker	1	a-ok.s.01
a-okest	1	a-ok.s.01
a-one	1	ace.s.01
a-oneer	1	ace.s.01
a-oneest	1	ace.s.01
a-oner	1	ace.s.01
a-onest	1	ace.s.01
a-scan_ultrasonographies	1	a-scan_ultrasonography.n.01
a-scan_ultrasonography	1	a-scan_ultrasonography.n.01
a-scan_ultrasonographys	1	a-scan_ultrasonography.n.01
a._a._milne	1	milne.n.01
a._a._milnes	1	milne.n.01
a._conan_doyle	1	conan_doyle.n.01
a._conan_doyles	1	conan_doyle.n.01
a._e._burnside	1	burnside.n.01
a._e._burnsides	1	burnside.n.01
a._e._housman	1	housman.n.01
a._e._housmans	1	housman.n.01
a._e._housmen	1	housman.n.01
a._e._kennellies	1	kennelly.n.01
a._e._kennelly	1	kennelly.n.01
a._e._kennellys	1	kennelly.n.01
a._e._w._mason	1	mason.n.03
a._e._w._masons	1	mason.n.03
a._noam_chomskies	1	chomsky.n.01
a._noam_chomsky	1	chomsky.n.01
a._noam_chomskys	1	chomsky.n.01
a._testudineus	1	climbing_perch.n.01
a._testudineuses	1	climbing_perch.n.01
a._testudineuss	1	climbing_perch.n.01
a.e.	1	russell.n.06
a.e.s	1	russell.n.06
a.k.a.	1	alias.r.01
a.m.	1	ante_meridiem.s.01
a.m.	2	ante_meridiem.r.01
a.m.er	1	ante_meridiem.s.01
a.m.est	1	ante_meridiem.s.01
a_batteries	1	a_battery.n.01
a_battery	1	a_battery.n.01
a_batterys	1	a_battery.n.01
a_capella_singing	1	a_cappella_singing.n.01
a_capella_singings	1	a_cappella_singing.n.01
a_cappella	1	a_cappella.s.01
a_cappella	2	a_cappella.r.01
a_cappella_singing	1	a_cappella_singing.n.01
a_cappella_singings	1	a_cappella_singing.n.01
a_cappellaer	1	a_cappella.s.01
a_cappellaest	1	a_cappella.s.01
a_couple_of	1	a_few.s.01
a_couple_ofer	1	a_few.s.01
a_couple_ofest	1	a_few.s.01
a_few	1	a_few.s.01
a_fewer	1	a_few.s.01
a_fewest	1	a_few.s.01
a_fortiori	1	a_fortiori.r.01
a_good_deal	1	a_lot.r.01
a_great_deal	1	a_lot.r.01
a_great_deal	2	much.r.05
a_horizon	1	a-horizon.n.01
a_horizons	1	a-horizon.n.01
a_hundred_times	1	hundredfold.r.01
a_kempis	1	a_kempis.n.01
a_kempises	1	a_kempis.n.01
a_kempiss	1	a_kempis.n.01
a_la_carteer	1	a_la_carte.a.01
a_la_carteest	1	a_la_carte.a.01
a_la_cartes	1	a_la_carte.n.01
a_la_cartest	1	a_la_carte.a.01
a_la_mode	1	latest.s.02
a_la_mode	2	a_la_mode.r.01
a_la_modeer	1	latest.s.02
a_la_modeest	1	latest.s.02
a_la_moder	1	latest.s.02
a_la_modest	1	latest.s.02
a_level	1	a_level.n.01
a_levels	1	a_level.n.01
a_little	1	a_bit.r.01
a_lot	1	a_lot.r.01
a_million_times	1	millionfold.r.01
a_posteriori	1	a_posteriori.a.01
a_posteriori	2	a_posteriori.s.02
a_posteriori	3	a_posteriori.r.01
a_posteriorier	1	a_posteriori.a.01
a_posteriorier	2	a_posteriori.s.02
a_posterioriest	1	a_posteriori.a.01
a_posterioriest	2	a_posteriori.s.02
a_priori	1	a_priori.a.01
a_priori	2	a_priori.s.02
a_priori	3	a_priori.r.01
a_priorier	1	a_priori.a.01
a_priorier	2	a_priori.s.02
a_prioriest	1	a_priori.a.01
a_prioriest	2	a_priori.s.02
a_trifle	1	a_bit.r.01
aa	2	alcoholics_anonymous.n.01
aa	3	associate_in_arts.n.01
aaa	1	abdominal_aortic_aneurysm.n.01
aaas	1	abdominal_aortic_aneurysm.n.01
aachen	1	aachen.n.01
aachens	1	aachen.n.01
aahed	1	ooh.v.01
aahes	1	ooh.v.01
aaland_islands	1	aland_islands.n.01
aaland_islandses	1	aland_islands.n.01
aaland_islandss	1	aland_islands.n.01
aalborg	1	aalborg.n.01
aalborgs	1	aalborg.n.01
aalst	1	aalst.n.01
aalsts	1	aalst.n.01
aaltos	1	aalto.n.01
aar	1	aare.n.01
aardvark	1	aardvark.n.01
aardvarks	1	aardvark.n.01
aardwolf	1	aardwolf.n.01
aardwolfs	1	aardwolf.n.01
aardwolves	1	aardwolf.n.01
aardwolveses	1	aardwolf.n.01
aardwolvess	1	aardwolf.n.01
aare	1	aare.n.01
aare_river	1	aare.n.01
aare_rivers	1	aare.n.01
aares	1	aare.n.01
aarhus	1	arhus.n.01
aarhuses	1	arhus.n.01
aarhuss	1	arhus.n.01
aaron	1	aaron.n.01
aaron	2	aaron.n.02
aaron's_rod	1	common_mullein.n.01
aaron's_rods	1	common_mullein.n.01
aaron_burr	1	burr.n.03
aaron_burrs	1	burr.n.03
aaron_copland	1	copland.n.01
aaron_coplands	1	copland.n.01
aaron_montgomery_ward	1	ward.n.06
aaron_montgomery_wards	1	ward.n.06
aarons	1	aaron.n.01
aarons	2	aaron.n.02
aarp	1	association_for_the_advancement_of_retired_persons.n.01
aarps	1	association_for_the_advancement_of_retired_persons.n.01
aars	1	aare.n.01
aas	1	associate_in_applied_science.n.01
aas	2	aa.n.01
aas	3	alcoholics_anonymous.n.01
aas	4	associate_in_arts.n.01
aases	1	associate_in_applied_science.n.01
aass	1	associate_in_applied_science.n.01
aave	1	african_american_vernacular_english.n.01
aaves	1	african_american_vernacular_english.n.01
ab	1	bachelor_of_arts.n.01
ab	3	abdominal.n.01
aba	1	aba.n.01
aba	2	aba.n.02
aba_transit_number	1	bank_identification_number.n.01
aba_transit_numbers	1	bank_identification_number.n.01
abaca	1	manila_hemp.n.01
abaca	2	abaca.n.02
abacas	1	manila_hemp.n.01
abacas	2	abaca.n.02
abaci	1	abacus.n.01
abaci	2	abacus.n.02
abacinate	1	abacinate.v.01
abacinated	1	abacinate.v.01
abacinateed	1	abacinate.v.01
abacinatees	1	abacinate.v.01
abacinateing	1	abacinate.v.01
abacinates	1	abacinate.v.01
abacinating	1	abacinate.v.01
aback	1	aback.r.01
aback	2	aback.r.02
abactinal	1	abactinal.a.01
abactinaler	1	abactinal.a.01
abactinalest	1	abactinal.a.01
abacus	1	abacus.n.01
abacus	2	abacus.n.02
abacuses	1	abacus.n.01
abacuses	2	abacus.n.02
abacuss	1	abacus.n.01
abacuss	2	abacus.n.02
abadan	1	abadan.n.01
abadans	1	abadan.n.01
abaft	1	aft.r.01
abalone	1	abalone.n.01
abalones	1	abalone.n.01
abamp	1	abampere.n.01
abampere	1	abampere.n.01
abamperes	1	abampere.n.01
abamps	1	abampere.n.01
abandon	1	abandon.n.01
abandon	2	wildness.n.01
abandon	3	abandon.v.01
abandon	4	abandon.v.02
abandon	5	vacate.v.02
abandon	6	abandon.v.04
abandon	7	abandon.v.05
abandoned	1	abandon.v.01
abandoned	2	abandon.v.02
abandoned	3	vacate.v.02
abandoned	4	abandon.v.04
abandoned	5	abandon.v.05
abandoned	6	abandoned.s.01
abandoned	7	abandoned.s.02
abandoned_infant	1	foundling.n.01
abandoned_infants	1	foundling.n.01
abandoned_person	1	abandoned_person.n.01
abandoned_persons	1	abandoned_person.n.01
abandoned_ship	1	abandoned_ship.n.01
abandoned_ships	1	abandoned_ship.n.01
abandoneder	1	abandoned.s.01
abandoneder	2	abandoned.s.02
abandonedest	1	abandoned.s.01
abandonedest	2	abandoned.s.02
abandones	1	abandon.v.01
abandones	2	abandon.v.02
abandones	3	vacate.v.02
abandones	4	abandon.v.04
abandones	5	abandon.v.05
abandoning	1	abandon.v.01
abandoning	2	abandon.v.02
abandoning	3	vacate.v.02
abandoning	4	abandon.v.04
abandoning	5	abandon.v.05
abandonment	1	abandonment.n.01
abandonment	2	desertion.n.01
abandonment	3	abandonment.n.03
abandonments	1	abandonment.n.01
abandonments	2	desertion.n.01
abandonments	3	abandonment.n.03
abandons	1	abandon.n.01
abandons	2	wildness.n.01
abandons	3	abandon.v.01
abandons	4	abandon.v.02
abandons	5	vacate.v.02
abandons	6	abandon.v.04
abandons	7	abandon.v.05
abarticulation	1	abarticulation.n.01
abarticulations	1	abarticulation.n.01
abas	1	aba.n.01
abas	2	aba.n.02
abase	1	humiliate.v.01
abased	1	humiliate.v.01
abaseed	1	humiliate.v.01
abasees	1	humiliate.v.01
abaseing	1	humiliate.v.01
abasement	1	abasement.n.01
abasement	2	humiliation.n.04
abasements	1	abasement.n.01
abasements	2	humiliation.n.04
abases	1	aba.n.01
abases	2	aba.n.02
abases	3	humiliate.v.01
abash	1	embarrass.v.01
abashed	1	embarrass.v.01
abashed	2	abashed.s.01
abasheder	1	abashed.s.01
abashedest	1	abashed.s.01
abashes	1	embarrass.v.01
abashing	1	embarrass.v.01
abashment	1	abashment.n.01
abashments	1	abashment.n.01
abashs	1	embarrass.v.01
abasia	1	abasia.n.01
abasia_trepidans	1	abasia_trepidans.n.01
abasia_trepidanses	1	abasia_trepidans.n.01
abasia_trepidanss	1	abasia_trepidans.n.01
abasias	1	abasia.n.01
abasic	1	abasic.a.01
abasicer	1	abasic.a.01
abasicest	1	abasic.a.01
abasing	1	humiliate.v.01
abatable	1	abatable.s.01
abatable_nuisance	1	abatable_nuisance.n.01
abatable_nuisances	1	abatable_nuisance.n.01
abatableer	1	abatable.s.01
abatableest	1	abatable.s.01
abatabler	1	abatable.s.01
abatablest	1	abatable.s.01
abate	1	slake.v.02
abate	2	abate.v.02
abated	1	slake.v.02
abated	2	abate.v.02
abateed	1	slake.v.02
abateed	2	abate.v.02
abatees	1	slake.v.02
abatees	2	abate.v.02
abateing	1	slake.v.02
abateing	2	abate.v.02
abatement	1	suspension.n.04
abatement	2	abatement.n.02
abatement_of_a_nuisance	1	abatement_of_a_nuisance.n.01
abatement_of_a_nuisances	1	abatement_of_a_nuisance.n.01
abatements	1	suspension.n.04
abatements	2	abatement.n.02
abates	1	slake.v.02
abates	2	abate.v.02
abatic	1	abasic.a.01
abaticer	1	abasic.a.01
abaticest	1	abasic.a.01
abating	1	slake.v.02
abating	2	abate.v.02
abatis	1	abattis.n.01
abatises	1	abattis.n.01
abatiss	1	abattis.n.01
abator	1	abator.n.01
abators	1	abator.n.01
abattis	1	abattis.n.01
abattises	1	abattis.n.01
abattiss	1	abattis.n.01
abattoir	1	abattoir.n.01
abattoirs	1	abattoir.n.01
abaxial	1	abaxial.a.01
abaxialer	1	abaxial.a.01
abaxialest	1	abaxial.a.01
abaxially	1	abaxially.r.01
abaya	1	abaya.n.01
abayas	1	abaya.n.01
abb	1	alex_boncayao_brigade.n.01
abbacies	1	abbacy.n.01
abbacy	1	abbacy.n.01
abbacys	1	abbacy.n.01
abbatial	1	abbatial.a.01
abbatialer	1	abbatial.a.01
abbatialest	1	abbatial.a.01
abbe_condenser	1	abbe_condenser.n.01
abbe_condensers	1	abbe_condenser.n.01
abbeies	1	abbey.n.01
abbeies	2	abbey.n.02
abbeies	3	abbey.n.03
abbesses	1	abbess.n.01
abbeys	1	abbey.n.01
abbeys	2	abbey.n.02
abbeys	3	abbey.n.03
abbot	1	abbot.n.01
abbots	1	abbot.n.01
abbott_lawrence_lowell	1	lowell.n.04
abbott_lawrence_lowells	1	lowell.n.04
abbreviate	1	abridge.v.01
abbreviated	1	abridge.v.01
abbreviateder	1	abbreviated.s.01
abbreviateder	2	abbreviated.s.02
abbreviatedest	1	abbreviated.s.01
abbreviatedest	2	abbreviated.s.02
abbreviateed	1	abridge.v.01
abbreviatees	1	abridge.v.01
abbreviatees	2	abbreviate.v.02
abbreviateing	1	abridge.v.01
abbreviateing	2	abbreviate.v.02
abbreviates	1	abridge.v.01
abbreviating	1	abridge.v.01
abbreviator	1	abridger.n.01
abbreviators	1	abridger.n.01
abbs	1	alex_boncayao_brigade.n.01
abc	1	rudiment.n.01
abc's	1	rudiment.n.01
abc'ses	1	rudiment.n.01
abc'ss	1	rudiment.n.01
abcoulomb	1	abcoulomb.n.01
abcoulombs	1	abcoulomb.n.01
abcs	1	rudiment.n.01
abcses	1	rudiment.n.01
abcss	1	rudiment.n.01
abdias	1	obadiah.n.01
abdias	2	obadiah.n.02
abdiases	1	obadiah.n.01
abdiases	2	obadiah.n.02
abdiass	1	obadiah.n.01
abdiass	2	obadiah.n.02
abdicable	1	abdicable.s.01
abdicableer	1	abdicable.s.01
abdicableest	1	abdicable.s.01
abdicabler	1	abdicable.s.01
abdicablest	1	abdicable.s.01
abdicate	1	abdicate.v.01
abdicated	1	abdicate.v.01
abdicateed	1	abdicate.v.01
abdicatees	1	abdicate.v.01
abdicateing	1	abdicate.v.01
abdicates	1	abdicate.v.01
abdicating	1	abdicate.v.01
abdication	1	abdication.n.01
abdication	2	abdication.n.02
abdications	1	abdication.n.01
abdications	2	abdication.n.02
abdicator	1	abdicator.n.01
abdicators	1	abdicator.n.01
abdomen	1	abdomen.n.01
abdomen	2	abdominal_cavity.n.01
abdomens	1	abdomen.n.01
abdomens	2	abdominal_cavity.n.01
abdominal	1	abdominal.n.01
abdominal	2	abdominal.a.01
abdominal_actinomycosis	1	abdominal_actinomycosis.n.01
abdominal_actinomycosises	1	abdominal_actinomycosis.n.01
abdominal_actinomycosiss	1	abdominal_actinomycosis.n.01
abdominal_aorta	1	abdominal_aorta.n.01
abdominal_aortas	1	abdominal_aorta.n.01
abdominal_aortic_aneurysm	1	abdominal_aortic_aneurysm.n.01
abdominal_aortic_aneurysms	1	abdominal_aortic_aneurysm.n.01
abdominal_breathing	1	abdominal_breathing.n.01
abdominal_breathings	1	abdominal_breathing.n.01
abdominal_cavities	1	abdominal_cavity.n.01
abdominal_cavity	1	abdominal_cavity.n.01
abdominal_cavitys	1	abdominal_cavity.n.01
abdominal_deliveries	1	cesarean_delivery.n.01
abdominal_delivery	1	cesarean_delivery.n.01
abdominal_deliverys	1	cesarean_delivery.n.01
abdominal_external_oblique_muscle	1	external_oblique_muscle.n.01
abdominal_external_oblique_muscles	1	external_oblique_muscle.n.01
abdominal_muscle	1	abdominal.n.01
abdominal_muscles	1	abdominal.n.01
abdominal_nerve_plexus	1	solar_plexus.n.01
abdominal_nerve_plexuses	1	solar_plexus.n.01
abdominal_nerve_plexuss	1	solar_plexus.n.01
abdominal_pregnancies	1	abdominal_pregnancy.n.01
abdominal_pregnancy	1	abdominal_pregnancy.n.01
abdominal_pregnancys	1	abdominal_pregnancy.n.01
abdominal_wall	1	abdominal_wall.n.01
abdominal_walls	1	abdominal_wall.n.01
abdominaler	1	abdominal.a.01
abdominalest	1	abdominal.a.01
abdominals	1	abdominal.n.01
abdominocentesis	1	abdominocentesis.n.01
abdominocentesises	1	abdominocentesis.n.01
abdominocentesiss	1	abdominocentesis.n.01
abdominoplasties	1	abdominoplasty.n.01
abdominoplasty	1	abdominoplasty.n.01
abdominoplastys	1	abdominoplasty.n.01
abdominous	1	abdominous.s.01
abdominouser	1	abdominous.s.01
abdominousest	1	abdominous.s.01
abdominousness	1	abdominousness.n.01
abdominousnesses	1	abdominousness.n.01
abdominousnesss	1	abdominousness.n.01
abdominovesical	1	abdominovesical.a.01
abdominovesicaler	1	abdominovesical.a.01
abdominovesicalest	1	abdominovesical.a.01
abducees	1	adduce.v.01
abduceing	1	adduce.v.01
abducens	1	abducent.n.01
abducens_muscle	1	abducens_muscle.n.01
abducens_muscles	1	abducens_muscle.n.01
abducens_nerve	1	abducent.n.01
abducens_nerves	1	abducent.n.01
abducenses	1	abducent.n.01
abducenss	1	abducent.n.01
abducent_nerve	1	abducent.n.01
abducent_nerves	1	abducent.n.01
abducentest	1	abducent.a.01
abducing	1	adduce.v.01
abductingest	1	abducent.a.01
abductor_muscle	1	abductor.n.02
abductor_muscles	1	abductor.n.02
abductors	1	kidnapper.n.01
abductors	2	abductor.n.02
abecedarian	1	abecedarian.n.01
abecedarian	2	abecedarian.n.02
abecedarian	3	abecedarian.s.01
abecedarianer	1	abecedarian.s.01
abecedarianest	1	abecedarian.s.01
abecedarians	1	abecedarian.n.01
abecedarians	2	abecedarian.n.02
abecedarius	1	abecedarius.n.01
abecedariuses	1	abecedarius.n.01
abecedariuss	1	abecedarius.n.01
abel_janszoon_tasman	1	tasman.n.01
abel_janszoon_tasmans	1	tasman.n.01
abel_janszoon_tasmen	1	tasman.n.01
abel_tasmans	1	tasman.n.01
abelard	1	abelard.n.01
abelards	1	abelard.n.01
abele	1	white_poplar.n.01
abeles	1	white_poplar.n.01
abelian_group	1	abelian_group.n.01
abelian_groups	1	abelian_group.n.01
abelmoschus	1	abelmoschus.n.01
abelmoschus_esculentus	1	okra.n.02
abelmoschus_esculentuses	1	okra.n.02
abelmoschus_esculentuss	1	okra.n.02
abelmoschus_moschatus	1	abelmosk.n.01
abelmoschus_moschatuses	1	abelmosk.n.01
abelmoschus_moschatuss	1	abelmosk.n.01
abelmoschuses	1	abelmoschus.n.01
abelmoschuss	1	abelmoschus.n.01
abelmosk	1	abelmosk.n.01
abelmosks	1	abelmosk.n.01
abenaki	1	abnaki.n.01
abenakis	1	abnaki.n.01
aberdare	1	aberdare.n.01
aberdares	1	aberdare.n.01
aberdeen	1	aberdeen.n.01
aberdeen	2	aberdeen.n.02
aberdeen	3	aberdeen.n.03
aberdeen	4	aberdeen.n.04
aberdeen_angus	1	aberdeen_angus.n.01
aberdeen_anguses	1	aberdeen_angus.n.01
aberdeen_anguss	1	aberdeen_angus.n.01
aberdeens	1	aberdeen.n.01
aberdeens	2	aberdeen.n.02
aberdeens	3	aberdeen.n.03
aberdeens	4	aberdeen.n.04
aberdonian	1	aberdonian.a.01
aberdonianer	1	aberdonian.a.01
aberdonianest	1	aberdonian.a.01
aberrance	1	aberrance.n.01
aberrances	1	aberrance.n.01
aberrancies	1	aberrance.n.01
aberrancy	1	aberrance.n.01
aberrancys	1	aberrance.n.01
aberrant	1	aberrant.n.01
aberrant	2	aberrant.s.01
aberranter	1	aberrant.s.01
aberrantest	1	aberrant.s.01
aberrants	1	aberrant.n.01
aberrate	1	aberrate.v.01
aberrate	2	aberrate.v.02
aberrated	1	aberrate.v.01
aberrated	2	aberrate.v.02
aberrateed	1	aberrate.v.01
aberrateed	2	aberrate.v.02
aberratees	1	aberrate.v.01
aberratees	2	aberrate.v.02
aberrateing	1	aberrate.v.01
aberrateing	2	aberrate.v.02
aberrates	1	aberrate.v.01
aberrates	2	aberrate.v.02
aberrating	1	aberrate.v.01
aberrating	2	aberrate.v.02
aberration	1	aberrance.n.01
aberration	2	aberration.n.02
aberration	3	aberration.n.03
aberrations	1	aberrance.n.01
aberrations	2	aberration.n.02
aberrations	3	aberration.n.03
abetalipoproteinemia	1	abetalipoproteinemia.n.01
abetalipoproteinemias	1	abetalipoproteinemia.n.01
abetes	1	abet.v.01
abettal	1	abetment.n.01
abettals	1	abetment.n.01
abetter	1	abettor.n.01
abetters	1	abettor.n.01
abetting	1	abet.v.01
abettors	1	abettor.n.01
abeyance	1	abeyance.n.01
abeyances	1	abeyance.n.01
abeyant	1	abeyant.s.01
abeyanter	1	abeyant.s.01
abeyantest	1	abeyant.s.01
abfarad	1	abfarad.n.01
abfarads	1	abfarad.n.01
abhenries	1	abhenry.n.01
abhenry	1	abhenry.n.01
abhenrys	1	abhenry.n.01
abhor	1	abhor.v.01
abhored	1	abhor.v.01
abhores	1	abhor.v.01
abhoring	1	abhor.v.01
abhorred	1	abhor.v.01
abhorrence	1	abhorrence.n.01
abhorrences	1	abhorrence.n.01
abhorrent	1	abhorrent.s.01
abhorrenter	1	abhorrent.s.01
abhorrentest	1	abhorrent.s.01
abhorrer	1	abhorrer.n.01
abhorrers	1	abhorrer.n.01
abhorring	1	abhor.v.01
abhors	1	abhor.v.01
abidance	1	conformity.n.02
abidance	2	residency.n.01
abidance	3	abidance.n.03
abidances	1	conformity.n.02
abidances	2	residency.n.01
abidances	3	abidance.n.03
abide	2	digest.v.03
abide_bies	2	respect.v.02
abide_by	2	respect.v.02
abide_byed	2	respect.v.02
abide_byes	2	respect.v.02
abide_bying	2	respect.v.02
abide_bys	2	respect.v.02
abided	2	digest.v.03
abideed	2	digest.v.03
abidees	1	bide.v.01
abidees	2	digest.v.03
abideing	1	bide.v.01
abideing	2	digest.v.03
abides	2	digest.v.03
abiding	1	bide.v.01
abiding	2	digest.v.03
abiding	3	abiding.s.01
abidinger	1	abiding.s.01
abidingest	1	abiding.s.01
abidjan	1	abidjan.n.01
abidjans	1	abidjan.n.01
abience	1	abience.n.01
abiences	1	abience.n.01
abient	1	abient.a.01
abienter	1	abient.a.01
abientest	1	abient.a.01
abies	1	abies.n.01
abies	2	expiate.v.01
abies_alba	1	european_silver_fir.n.01
abies_albas	1	european_silver_fir.n.01
abies_amabilis	1	amabilis_fir.n.01
abies_amabilises	1	amabilis_fir.n.01
abies_amabiliss	1	amabilis_fir.n.01
abies_balsamea	1	balsam_fir.n.01
abies_balsameas	1	balsam_fir.n.01
abies_bracteata	1	santa_lucia_fir.n.01
abies_bracteatas	1	santa_lucia_fir.n.01
abies_concolor	1	white_fir.n.01
abies_concolors	1	white_fir.n.01
abies_fraseri	1	fraser_fir.n.01
abies_fraseris	1	fraser_fir.n.01
abies_grandis	1	lowland_fir.n.01
abies_grandises	1	lowland_fir.n.01
abies_grandiss	1	lowland_fir.n.01
abies_lasiocarpa	1	alpine_fir.n.01
abies_lasiocarpas	1	alpine_fir.n.01
abies_lowiana	1	white_fir.n.01
abies_lowianas	1	white_fir.n.01
abies_venusta	1	santa_lucia_fir.n.01
abies_venustas	1	santa_lucia_fir.n.01
abieses	1	abies.n.01
abieses	2	expiate.v.01
abiess	1	abies.n.01
abiess	2	expiate.v.01
abila	1	jebel_musa.n.01
abilas	1	jebel_musa.n.01
abilene	1	abilene.n.01
abilene	2	abilene.n.02
abilenes	1	abilene.n.01
abilenes	2	abilene.n.02
abiogenesis	1	abiogenesis.n.01
abiogenesises	1	abiogenesis.n.01
abiogenesiss	1	abiogenesis.n.01
abiogenetic	1	abiogenetic.a.01
abiogeneticer	1	abiogenetic.a.01
abiogeneticest	1	abiogenetic.a.01
abiogenist	1	abiogenist.n.01
abiogenists	1	abiogenist.n.01
abjectest	1	abject.s.01
abjectest	2	abject.s.02
abjectest	3	abject.s.03
abjectest	4	abject.s.04
abjection	1	abasement.n.01
abjections	1	abasement.n.01
abjuration	1	retraction.n.01
abjurations	1	retraction.n.01
abjure	1	abjure.v.01
abjured	1	abjure.v.01
abjureed	1	abjure.v.01
abjurees	1	abjure.v.01
abjureing	1	abjure.v.01
abjurer	1	abjurer.n.01
abjurers	1	abjurer.n.01
abjures	1	abjure.v.01
abjuring	1	abjure.v.01
abkhases	1	abkhaz.n.01
abkhases	2	abkhaz.n.03
abkhasian	1	abkhaz.n.01
abkhasian	2	abkhazian.n.02
abkhasians	1	abkhaz.n.01
abkhasians	2	abkhazian.n.02
abkhazest	1	abkhaz.a.01
abkhazia	1	abkhaz.n.02
abkhazian	1	abkhaz.n.01
abkhazian	2	abkhazian.n.02
abkhazian	3	abkhaz.a.01
abkhazianer	1	abkhaz.a.01
abkhazianest	1	abkhaz.a.01
abkhazians	1	abkhaz.n.01
abkhazians	2	abkhazian.n.02
abkhazias	1	abkhaz.n.02
ablactate	1	wean.v.01
ablactated	1	wean.v.01
ablactateed	1	wean.v.01
ablactatees	1	wean.v.01
ablactateing	1	wean.v.01
ablactates	1	wean.v.01
ablactating	1	wean.v.01
ablactation	1	ablactation.n.01
ablactation	2	weaning.n.01
ablactations	1	ablactation.n.01
ablactations	2	weaning.n.01
ablate	1	ablate.v.01
ablate	2	ablate.v.02
ablated	1	ablate.v.01
ablated	2	ablate.v.02
ablated	3	ablated.s.01
ablateder	1	ablated.s.01
ablatedest	1	ablated.s.01
ablateed	1	ablate.v.01
ablateed	2	ablate.v.02
ablatees	1	ablate.v.01
ablatees	2	ablate.v.02
ablateing	1	ablate.v.01
ablateing	2	ablate.v.02
ablates	1	ablate.v.01
ablates	2	ablate.v.02
ablating	1	ablate.v.01
ablating	2	ablate.v.02
ablation	1	ablation.n.01
ablation	2	ablation.n.02
ablations	1	ablation.n.01
ablations	2	ablation.n.02
ablative	1	ablative.n.01
ablative	2	ablative.a.01
ablative	3	ablative.s.02
ablative_absolute	1	ablative_absolute.n.01
ablative_absolutes	1	ablative_absolute.n.01
ablative_case	1	ablative.n.01
ablative_cases	1	ablative.n.01
ablativeer	1	ablative.a.01
ablativeer	2	ablative.s.02
ablativeest	1	ablative.a.01
ablativeest	2	ablative.s.02
ablativer	1	ablative.a.01
ablativer	2	ablative.s.02
ablatives	1	ablative.n.01
ablativest	1	ablative.a.01
ablativest	2	ablative.s.02
ablaut	1	ablaut.n.01
ablauts	1	ablaut.n.01
ablaze	1	ablaze.s.01
ablaze	2	ablaze.s.02
ablaze	3	ablaze.s.03
ablaze	4	ablaze.s.04
ablazeer	1	ablaze.s.01
ablazeer	2	ablaze.s.02
ablazeer	3	ablaze.s.03
ablazeer	4	ablaze.s.04
ablazeest	1	ablaze.s.01
ablazeest	2	ablaze.s.02
ablazeest	3	ablaze.s.03
ablazeest	4	ablaze.s.04
ablazer	1	ablaze.s.01
ablazer	2	ablaze.s.02
ablazer	3	ablaze.s.03
ablazer	4	ablaze.s.04
ablazest	1	ablaze.s.01
ablazest	2	ablaze.s.02
ablazest	3	ablaze.s.03
ablazest	4	ablaze.s.04
able	1	able.a.01
able	2	able.s.02
able	3	able.s.03
able	4	able.s.04
able-bodied	1	able.s.04
able-bodied_seaman	1	able_seaman.n.01
able-bodied_seamans	1	able_seaman.n.01
able-bodied_seamen	1	able_seaman.n.01
able-bodieder	1	able.s.04
able-bodiedest	1	able.s.04
able-bodiedism	1	ableism.n.01
able-bodiedisms	1	ableism.n.01
able-bodism	1	ableism.n.01
able-bodisms	1	ableism.n.01
able_seaman	1	able_seaman.n.01
able_seamans	1	able_seaman.n.01
able_seamen	1	able_seaman.n.01
ableer	1	able.a.01
ableer	2	able.s.02
ableer	3	able.s.03
ableer	4	able.s.04
ableest	1	able.a.01
ableest	2	able.s.02
ableest	3	able.s.03
ableest	4	able.s.04
ableism	1	ableism.n.01
ableisms	1	ableism.n.01
ablepharia	1	ablepharia.n.01
ablepharias	1	ablepharia.n.01
abler	1	able.a.01
abler	2	able.s.02
abler	3	able.s.03
abler	4	able.s.04
ablest	1	able.a.01
ablest	2	able.s.02
ablest	3	able.s.03
ablest	4	able.s.04
ablism	1	ableism.n.01
ablisms	1	ableism.n.01
abloom	1	abloom.s.01
abloomer	1	abloom.s.01
abloomest	1	abloom.s.01
abls	1	bachelor_of_arts_in_library_science.n.01
ablses	1	bachelor_of_arts_in_library_science.n.01
ablss	1	bachelor_of_arts_in_library_science.n.01
ablutionary	1	ablutionary.s.01
ablutionaryer	1	ablutionary.s.01
ablutionaryest	1	ablutionary.s.01
ably	1	competently.r.01
abm	1	antiballistic_missile.n.01
abms	1	antiballistic_missile.n.01
abnakier	1	abnaki.a.01
abnakiest	1	abnaki.a.01
abnegate	1	deny.v.05
abnegate	2	abnegate.v.02
abnegate	3	abnegate.v.03
abnegated	1	deny.v.05
abnegated	2	abnegate.v.02
abnegated	3	abnegate.v.03
abnegateed	1	deny.v.05
abnegateed	2	abnegate.v.02
abnegateed	3	abnegate.v.03
abnegatees	1	deny.v.05
abnegatees	2	abnegate.v.02
abnegatees	3	abnegate.v.03
abnegateing	1	deny.v.05
abnegateing	2	abnegate.v.02
abnegateing	3	abnegate.v.03
abnegates	1	deny.v.05
abnegates	2	abnegate.v.02
abnegates	3	abnegate.v.03
abnegating	1	deny.v.05
abnegating	2	abnegate.v.02
abnegating	3	abnegate.v.03
abnegation	1	abnegation.n.01
abnegation	2	abnegation.n.02
abnegations	1	abnegation.n.01
abnegations	2	abnegation.n.02
abnegator	1	abnegator.n.01
abnegators	1	abnegator.n.01
abney_level	1	abney_level.n.01
abney_levels	1	abney_level.n.01
abnormal	1	abnormal.a.01
abnormal	2	abnormal.a.02
abnormal	3	abnormal.s.03
abnormal_psychologies	1	abnormal_psychology.n.01
abnormal_psychology	1	abnormal_psychology.n.01
abnormal_psychologys	1	abnormal_psychology.n.01
abnormalcies	1	abnormality.n.01
abnormalcy	1	abnormality.n.01
abnormalcys	1	abnormality.n.01
abnormaler	1	abnormal.a.01
abnormaler	2	abnormal.a.02
abnormaler	3	abnormal.s.03
abnormalest	1	abnormal.a.01
abnormalest	2	abnormal.a.02
abnormalest	3	abnormal.s.03
abnormalities	1	abnormality.n.01
abnormalities	2	abnormality.n.02
abnormalities	3	abnormality.n.03
abnormalities	4	abnormality.n.04
abnormality	1	abnormality.n.01
abnormality	2	abnormality.n.02
abnormality	3	abnormality.n.03
abnormality	4	abnormality.n.04
abnormalitys	1	abnormality.n.01
abnormalitys	2	abnormality.n.02
abnormalitys	3	abnormality.n.03
abnormalitys	4	abnormality.n.04
abnormally	1	abnormally.r.01
abo	1	aborigine.n.02
abo_antibodies	1	abo_antibodies.n.01
abo_antibodieses	1	abo_antibodies.n.01
abo_antibodiess	1	abo_antibodies.n.01
abo_blood_group_system	1	abo_blood_group_system.n.01
abo_blood_group_systems	1	abo_blood_group_system.n.01
abo_group	1	abo_blood_group_system.n.01
abo_groups	1	abo_blood_group_system.n.01
abo_system	1	abo_blood_group_system.n.01
abo_systems	1	abo_blood_group_system.n.01
aboard	1	aboard.r.01
aboard	2	aboard.r.02
aboard	3	aboard.r.03
aboard	4	aboard.r.04
abocclusion	1	abocclusion.n.01
abocclusions	1	abocclusion.n.01
abode	1	residence.n.01
abode	2	dwelling.n.01
abode	3	bide.v.01
abode	4	digest.v.03
abodes	1	residence.n.01
abodes	2	dwelling.n.01
abohm	1	abohm.n.01
abohms	1	abohm.n.01
abolish	1	abolish.v.01
abolishable	1	abolishable.s.01
abolishableer	1	abolishable.s.01
abolishableest	1	abolishable.s.01
abolishabler	1	abolishable.s.01
abolishablest	1	abolishable.s.01
abolished	1	abolish.v.01
abolishes	1	abolish.v.01
abolishing	1	abolish.v.01
abolishment	1	abolition.n.01
abolishments	1	abolition.n.01
abolishs	1	abolish.v.01
abolition	1	abolition.n.01
abolitionary	1	abolitionary.a.01
abolitionaryer	1	abolitionary.a.01
abolitionaryest	1	abolitionary.a.01
abolitionism	1	abolitionism.n.01
abolitionisms	1	abolitionism.n.01
abolitionist	1	abolitionist.n.01
abolitionists	1	abolitionist.n.01
abolitions	1	abolition.n.01
abomasal	1	abomasal.a.01
abomasaler	1	abomasal.a.01
abomasalest	1	abomasal.a.01
abomasum	1	abomasum.n.01
abomasums	1	abomasum.n.01
abominable	1	abominable.s.01
abominable	2	atrocious.s.02
abominable_snowman	1	abominable_snowman.n.01
abominable_snowmans	1	abominable_snowman.n.01
abominable_snowmen	1	abominable_snowman.n.01
abominableer	1	abominable.s.01
abominableer	2	atrocious.s.02
abominableest	1	abominable.s.01
abominableest	2	atrocious.s.02
abominabler	1	abominable.s.01
abominabler	2	atrocious.s.02
abominablest	1	abominable.s.01
abominablest	2	atrocious.s.02
abominably	1	detestably.r.01
abominably	2	terribly.r.02
abominate	1	abhor.v.01
abominated	1	abhor.v.01
abominateed	1	abhor.v.01
abominatees	1	abhor.v.01
abominateing	1	abhor.v.01
abominates	1	abhor.v.01
abominating	1	abhor.v.01
abomination	1	abomination.n.01
abomination	2	abhorrence.n.01
abomination	3	abomination.n.03
abominations	1	abomination.n.01
abominations	2	abhorrence.n.01
abominations	3	abomination.n.03
abominator	1	abominator.n.01
abominators	1	abominator.n.01
abor	1	miri.n.01
aborad	1	aborad.r.01
aboral	1	aboral.a.01
aboraler	1	aboral.a.01
aboralest	1	aboral.a.01
aboriginal	1	aborigine.n.02
aboriginal	2	native.n.01
aboriginal	3	aboriginal.a.01
aboriginal	4	native.a.03
aboriginal	5	aboriginal.s.03
aboriginal_australian	1	australian.n.02
aboriginal_australians	1	australian.n.02
aboriginaler	1	aboriginal.a.01
aboriginaler	2	native.a.03
aboriginaler	3	aboriginal.s.03
aboriginalest	1	aboriginal.a.01
aboriginalest	2	native.a.03
aboriginalest	3	aboriginal.s.03
aboriginals	1	aborigine.n.02
aboriginals	2	native.n.01
aborigine	1	native.n.01
aborigine	2	aborigine.n.02
aborigines	1	native.n.01
aborigines	2	aborigine.n.02
abors	1	miri.n.01
abort	1	abort.n.01
abort	2	abort.v.01
abort	3	abort.v.02
abort	4	abort.v.03
aborted	1	abort.v.01
aborted	2	abort.v.02
aborted	3	abort.v.03
abortes	1	abort.v.01
abortes	2	abort.v.02
abortes	3	abort.v.03
aborticide	1	abortifacient.n.01
aborticide	2	aborticide.n.02
aborticides	1	abortifacient.n.01
aborticides	2	aborticide.n.02
abortifacient	1	abortifacient.n.01
abortifacient	2	abortifacient.s.01
abortifacienter	1	abortifacient.s.01
abortifacientest	1	abortifacient.s.01
abortifacients	1	abortifacient.n.01
aborting	1	abort.v.01
aborting	2	abort.v.02
aborting	3	abort.v.03
abortion	1	abortion.n.01
abortion	2	miscarriage.n.01
abortion-inducing_drug	1	abortifacient.n.01
abortion-inducing_drugs	1	abortifacient.n.01
abortion_pill	1	abortion_pill.n.01
abortion_pills	1	abortion_pill.n.01
abortionist	1	abortionist.n.01
abortionists	1	abortionist.n.01
abortions	1	abortion.n.01
abortions	2	miscarriage.n.01
abortive	1	abortive.s.01
abortiveer	1	abortive.s.01
abortiveest	1	abortive.s.01
abortively	1	abortively.r.01
abortiver	1	abortive.s.01
abortivest	1	abortive.s.01
aborts	1	abort.n.01
aborts	2	abort.v.01
aborts	3	abort.v.02
aborts	4	abort.v.03
abortus	1	abortus.n.01
abortuses	1	abortus.n.01
abortuss	1	abortus.n.01
abos	1	aborigine.n.02
abought	1	expiate.v.01
aboulia	1	abulia.n.01
aboulias	1	abulia.n.01
aboulic	1	abulic.s.01
aboulicer	1	abulic.s.01
aboulicest	1	abulic.s.01
abound	1	abound.v.01
abound	2	abound.v.02
abound_in	1	abound_in.v.01
abound_ined	1	abound_in.v.01
abound_ines	1	abound_in.v.01
abound_ining	1	abound_in.v.01
abound_ins	1	abound_in.v.01
abounded	1	abound.v.01
abounded	2	abound.v.02
aboundes	1	abound.v.01
aboundes	2	abound.v.02
abounding	1	abound.v.01
abounding	2	abound.v.02
abounding	3	abounding.s.01
aboundinger	1	abounding.s.01
aboundingest	1	abounding.s.01
abounds	1	abound.v.01
abounds	2	abound.v.02
about	1	about.s.01
about	2	approximately.r.01
about	3	about.r.02
about	4	about.r.03
about	5	about.r.04
about	6	about.r.05
about	7	about.r.06
about	8	about.r.07
about-face	1	about-face.n.01
about-face	2	about-face.n.02
about-face	3	about-face.v.01
about-face	4	about-face.v.02
about-faced	1	about-face.v.01
about-faced	2	about-face.v.02
about-faceed	1	about-face.v.01
about-faceed	2	about-face.v.02
about-facees	1	about-face.v.01
about-facees	2	about-face.v.02
about-faceing	1	about-face.v.01
about-faceing	2	about-face.v.02
about-faces	1	about-face.n.01
about-faces	2	about-face.n.02
about-faces	3	about-face.v.01
about-faces	4	about-face.v.02
about-facing	1	about-face.v.01
about-facing	2	about-face.v.02
about_turn	1	about-face.n.01
about_turns	1	about-face.n.01
abouter	1	about.s.01
aboutest	1	about.s.01
above	1	above.n.01
above	2	above.s.01
above	3	above.r.01
above	4	above.r.02
above-mentioned	1	above-mentioned.s.01
above-mentioneder	1	above-mentioned.s.01
above-mentionedest	1	above-mentioned.s.01
above-named	1	above-mentioned.s.01
above-nameder	1	above-mentioned.s.01
above-namedest	1	above-mentioned.s.01
above_all	1	above_all.r.01
above_all	2	first_and_last.r.01
aboveboard	1	aboveboard.s.01
aboveboard	2	honestly.r.02
aboveboarder	1	aboveboard.s.01
aboveboardest	1	aboveboard.s.01
aboveer	1	above.s.01
aboveest	1	above.s.01
aboveground	1	aboveground.s.01
abovegrounder	1	aboveground.s.01
abovegroundest	1	aboveground.s.01
abover	1	above.s.01
aboves	1	above.n.01
abovest	1	above.s.01
abracadabra	1	abracadabra.n.01
abracadabras	1	abracadabra.n.01
abrachia	1	abrachia.n.01
abrachias	1	abrachia.n.01
abradant	1	abrasive.n.01
abradant	2	abrader.n.01
abradants	1	abrasive.n.01
abradants	2	abrader.n.01
abrade	1	abrade.v.01
abrade	2	scour.v.03
abraded	1	abrade.v.01
abraded	2	scour.v.03
abradeed	1	abrade.v.01
abradeed	2	scour.v.03
abradees	1	abrade.v.01
abradees	2	scour.v.03
abradeing	1	abrade.v.01
abradeing	2	scour.v.03
abrader	1	abrader.n.01
abraders	1	abrader.n.01
abrades	1	abrade.v.01
abrades	2	scour.v.03
abrading	1	abrade.v.01
abrading	2	scour.v.03
abrading_stone	1	abrading_stone.n.01
abrading_stones	1	abrading_stone.n.01
abraham	1	abraham.n.01
abraham's_bosom	1	abraham's_bosom.n.01
abraham's_bosoms	1	abraham's_bosom.n.01
abraham_lincoln	1	lincoln.n.01
abraham_lincolns	1	lincoln.n.01
abraham_stoker	1	stoker.n.01
abraham_stokers	1	stoker.n.01
abrahams	1	abraham.n.01
abramis	1	abramis.n.01
abramis_brama	1	european_bream.n.01
abramis_bramas	1	european_bream.n.01
abramises	1	abramis.n.01
abramiss	1	abramis.n.01
abranchial	1	abranchiate.a.01
abranchialer	1	abranchiate.a.01
abranchialest	1	abranchiate.a.01
abranchiate	1	abranchiate.a.01
abranchiateer	1	abranchiate.a.01
abranchiateest	1	abranchiate.a.01
abranchiater	1	abranchiate.a.01
abranchiatest	1	abranchiate.a.01
abranchious	1	abranchiate.a.01
abranchiouser	1	abranchiate.a.01
abranchiousest	1	abranchiate.a.01
abrase	1	abrade.v.01
abrased	1	abrade.v.01
abraseed	1	abrade.v.01
abrasees	1	abrade.v.01
abraseing	1	abrade.v.01
abrases	1	abrade.v.01
abrasing	1	abrade.v.01
abrasion	1	abrasion.n.01
abrasion	2	abrasion.n.02
abrasion	3	grinding.n.03
abrasions	1	abrasion.n.01
abrasions	2	abrasion.n.02
abrasions	3	grinding.n.03
abrasive	1	abrasive.n.01
abrasive	2	abrasive.s.01
abrasive	3	harsh.s.06
abrasive_material	1	abrasive.n.01
abrasive_materials	1	abrasive.n.01
abrasiveer	1	abrasive.s.01
abrasiveer	2	harsh.s.06
abrasiveest	1	abrasive.s.01
abrasiveest	2	harsh.s.06
abrasiveness	1	harshness.n.01
abrasiveness	2	abrasiveness.n.02
abrasivenesses	1	harshness.n.01
abrasivenesses	2	abrasiveness.n.02
abrasivenesss	1	harshness.n.01
abrasivenesss	2	abrasiveness.n.02
abrasiver	1	abrasive.s.01
abrasiver	2	harsh.s.06
abrasives	1	abrasive.n.01
abrasivest	1	abrasive.s.01
abrasivest	2	harsh.s.06
abreact	1	abreact.v.01
abreacted	1	abreact.v.01
abreactes	1	abreact.v.01
abreacting	1	abreact.v.01
abreaction	1	catharsis.n.01
abreactions	1	catharsis.n.01
abreacts	1	abreact.v.01
abreast	1	abreast.s.01
abreast	2	abreast.r.01
abreaster	1	abreast.s.01
abreastest	1	abreast.s.01
abridge	1	abridge.v.01
abridge	2	abridge.v.02
abridged	1	abridge.v.01
abridged	2	abridge.v.02
abridged	3	abridged.a.01
abridgeder	1	abridged.a.01
abridgedest	1	abridged.a.01
abridgeed	1	abridge.v.01
abridgeed	2	abridge.v.02
abridgees	1	abridge.v.01
abridgees	2	abridge.v.02
abridgeing	1	abridge.v.01
abridgeing	2	abridge.v.02
abridgement	1	condensation.n.05
abridgements	1	condensation.n.05
abridger	1	abridger.n.01
abridgers	1	abridger.n.01
abridges	1	abridge.v.01
abridges	2	abridge.v.02
abridging	1	abridge.v.01
abridging	2	abridge.v.02
abridgment	1	condensation.n.05
abridgments	1	condensation.n.05
abroach	1	abroach.s.01
abroacher	1	abroach.s.01
abroachest	1	abroach.s.01
abroad	1	abroad.s.01
abroad	2	abroad.r.01
abroad	3	afield.r.01
abroad	4	overseas.r.02
abroader	1	abroad.s.01
abroadest	1	abroad.s.01
abrocoma	1	abrocoma.n.01
abrocomas	1	abrocoma.n.01
abrocome	1	abrocome.n.01
abrocomes	1	abrocome.n.01
abrogate	1	abrogate.v.01
abrogated	1	abrogate.v.01
abrogateed	1	abrogate.v.01
abrogatees	1	abrogate.v.01
abrogateing	1	abrogate.v.01
abrogates	1	abrogate.v.01
abrogating	1	abrogate.v.01
abrogation	1	abrogation.n.01
abrogations	1	abrogation.n.01
abrogator	1	abrogator.n.01
abrogators	1	abrogator.n.01
abronia	1	abronia.n.01
abronia_elliptica	1	snowball.n.01
abronia_ellipticas	1	snowball.n.01
abronia_fragrans	1	sweet_sand_verbena.n.01
abronia_fragranses	1	sweet_sand_verbena.n.01
abronia_fragranss	1	sweet_sand_verbena.n.01
abronia_latifolia	1	yellow_sand_verbena.n.01
abronia_latifolias	1	yellow_sand_verbena.n.01
abronia_maritima	1	beach_pancake.n.01
abronia_maritimas	1	beach_pancake.n.01
abronia_umbellata	1	beach_sand_verbena.n.01
abronia_umbellatas	1	beach_sand_verbena.n.01
abronia_villosa	1	desert_sand_verbena.n.01
abronia_villosas	1	desert_sand_verbena.n.01
abronias	1	abronia.n.01
abrupt	1	abrupt.s.01
abrupt	2	abrupt.s.02
abrupt	3	abrupt.s.03
abrupt	4	abrupt.s.04
abrupter	1	abrupt.s.01
abrupter	2	abrupt.s.02
abrupter	3	abrupt.s.03
abrupter	4	abrupt.s.04
abruptest	1	abrupt.s.01
abruptest	2	abrupt.s.02
abruptest	3	abrupt.s.03
abruptest	4	abrupt.s.04
abruptio_placentae	1	abruptio_placentae.n.01
abruptio_placentaes	1	abruptio_placentae.n.01
abruption	1	breaking_off.n.01
abruptions	1	breaking_off.n.01
abruptly	1	abruptly.r.01
abruptly-pinnate	1	even-pinnate.s.01
abruptly-pinnate_leaf	1	even-pinnate_leaf.n.01
abruptly-pinnate_leafs	1	even-pinnate_leaf.n.01
abruptly-pinnateer	1	even-pinnate.s.01
abruptly-pinnateest	1	even-pinnate.s.01
abruptly-pinnater	1	even-pinnate.s.01
abruptly-pinnatest	1	even-pinnate.s.01
abruptness	1	abruptness.n.01
abruptness	2	abruptness.n.02
abruptness	3	abruptness.n.03
abruptnesses	1	abruptness.n.01
abruptnesses	2	abruptness.n.02
abruptnesses	3	abruptness.n.03
abruptnesss	1	abruptness.n.01
abruptnesss	2	abruptness.n.02
abruptnesss	3	abruptness.n.03
abruzzi	1	abruzzi.n.01
abruzzi_e_molise	1	abruzzi.n.01
abruzzi_e_molises	1	abruzzi.n.01
abruzzis	1	abruzzi.n.01
abs	1	acrylonitrile-butadiene-styrene.n.01
abs	2	bachelor_of_arts.n.01
abs	4	abdominal.n.01
abscessed	1	abscessed.s.01
abscessed_tooth	1	abscessed_tooth.n.01
abscessed_tooths	1	abscessed_tooth.n.01
abscesseder	1	abscessed.s.01
abscessedest	1	abscessed.s.01
abscesses	1	abscess.n.01
abscise	1	abscise.v.01
abscise	2	abscise.v.02
abscised	1	abscise.v.01
abscised	2	abscise.v.02
absciseed	1	abscise.v.01
absciseed	2	abscise.v.02
abscisees	1	abscise.v.01
abscisees	2	abscise.v.02
absciseing	1	abscise.v.01
absciseing	2	abscise.v.02
abscises	1	abscise.v.01
abscises	2	abscise.v.02
abscising	1	abscise.v.01
abscising	2	abscise.v.02
abscission	1	abscission.n.01
abscission	2	abscission.n.02
abscissions	1	abscission.n.01
abscissions	2	abscission.n.02
abscondes	1	abscond.v.01
abseil	1	rappel.n.01
abseil	2	rappel.v.01
abseiled	1	rappel.v.01
abseiler	1	abseiler.n.01
abseilers	1	abseiler.n.01
abseiles	1	rappel.v.01
abseiling	1	rappel.v.01
abseils	1	rappel.n.01
abseils	2	rappel.v.01
absence_seizure	1	absence.n.04
absence_seizures	1	absence.n.04
absence_without_leave	1	absence_without_leave.n.01
absence_without_leaves	1	absence_without_leave.n.01
absent	1	absent.v.01
absent	2	absent.a.01
absent	3	lacking.s.02
absent	4	absent.s.03
absented	1	absent.v.01
absentee	1	absentee.n.01
absentee_ballot	1	absentee_ballot.n.01
absentee_ballots	1	absentee_ballot.n.01
absentee_rate	1	absentee_rate.n.01
absentee_rates	1	absentee_rate.n.01
absenteeism	1	absenteeism.n.01
absenteeisms	1	absenteeism.n.01
absentees	1	absentee.n.01
absenter	1	absent.a.01
absenter	2	lacking.s.02
absenter	3	absent.s.03
absentes	1	absent.v.01
absentest	1	absent.a.01
absentest	2	lacking.s.02
absentest	3	absent.s.03
absenting	1	absent.v.01
absently	1	absently.r.01
absentminded	1	absent.s.03
absentmindeder	1	absent.s.03
absentmindedest	1	absent.s.03
absentmindedly	1	absently.r.01
absentmindedness	1	absentmindedness.n.01
absentmindednesses	1	absentmindedness.n.01
absentmindednesss	1	absentmindedness.n.01
absents	1	absent.v.01
abses	1	acrylonitrile-butadiene-styrene.n.01
absolute	1	absolute.n.01
absolute	2	absolute.a.01
absolute	3	absolute.s.02
absolute	4	absolute.s.03
absolute	5	absolute.s.04
absolute	6	absolute.s.05
absolute_alcohol	1	absolute_alcohol.n.01
absolute_alcohols	1	absolute_alcohol.n.01
absolute_ceiling	1	absolute_ceiling.n.01
absolute_ceilings	1	absolute_ceiling.n.01
absolute_frequencies	1	frequency.n.03
absolute_frequency	1	frequency.n.03
absolute_frequencys	1	frequency.n.03
absolute_magnitude	1	absolute_magnitude.n.01
absolute_magnitudes	1	absolute_magnitude.n.01
absolute_majorities	1	majority.n.02
absolute_majority	1	majority.n.02
absolute_majoritys	1	majority.n.02
absolute_pitch	1	absolute_pitch.n.01
absolute_pitches	1	absolute_pitch.n.01
absolute_pitchs	1	absolute_pitch.n.01
absolute_scale	1	kelvin_scale.n.01
absolute_scales	1	kelvin_scale.n.01
absolute_space	1	absolute_space.n.01
absolute_spaces	1	absolute_space.n.01
absolute_temperature	1	absolute_temperature.n.01
absolute_temperatures	1	absolute_temperature.n.01
absolute_threshold	1	absolute_threshold.n.01
absolute_thresholds	1	absolute_threshold.n.01
absolute_value	1	absolute_value.n.01
absolute_values	1	absolute_value.n.01
absolute_viscosities	1	coefficient_of_viscosity.n.01
absolute_viscosity	1	coefficient_of_viscosity.n.01
absolute_viscositys	1	coefficient_of_viscosity.n.01
absolute_zero	1	absolute_zero.n.01
absolute_zeros	1	absolute_zero.n.01
absoluteer	1	absolute.a.01
absoluteer	2	absolute.s.02
absoluteer	3	absolute.s.03
absoluteer	4	absolute.s.04
absoluteer	5	absolute.s.05
absoluteest	1	absolute.a.01
absoluteest	2	absolute.s.02
absoluteest	3	absolute.s.03
absoluteest	4	absolute.s.04
absoluteest	5	absolute.s.05
absolutely	1	absolutely.r.01
absolutely	2	absolutely.r.02
absoluteness	1	starkness.n.01
absoluteness	2	absoluteness.n.02
absolutenesses	1	starkness.n.01
absolutenesses	2	absoluteness.n.02
absolutenesss	1	starkness.n.01
absolutenesss	2	absoluteness.n.02
absoluter	1	absolute.a.01
absoluter	2	absolute.s.02
absoluter	3	absolute.s.03
absoluter	4	absolute.s.04
absoluter	5	absolute.s.05
absolutes	1	absolute.n.01
absolutest	1	absolute.a.01
absolutest	2	absolute.s.02
absolutest	3	absolute.s.03
absolutest	4	absolute.s.04
absolutest	5	absolute.s.05
absolutism	2	dictatorship.n.01
absolutisms	2	dictatorship.n.01
absolutister	1	absolutist.a.01
absolutistest	1	absolutist.a.01
absolutisticer	1	absolutist.a.01
absolutisticest	1	absolutist.a.01
absolve	1	shrive.v.01
absolved	1	shrive.v.01
absolveder	1	absolved.s.01
absolvedest	1	absolved.s.01
absolveed	1	shrive.v.01
absolvees	1	shrive.v.01
absolvees	2	absolve.v.02
absolveing	1	shrive.v.01
absolveing	2	absolve.v.02
absolves	1	shrive.v.01
absolving	1	shrive.v.01
absolving	2	absolve.v.02
absolvitory	1	absolvitory.s.01
absolvitoryer	1	absolvitory.s.01
absolvitoryest	1	absolvitory.s.01
absorbable	1	absorbable.a.01
absorbableer	1	absorbable.a.01
absorbableest	1	absorbable.a.01
absorbabler	1	absorbable.a.01
absorbablest	1	absorbable.a.01
absorbance	1	optical_density.n.01
absorbances	1	optical_density.n.01
absorbate	1	absorbate.n.01
absorbates	1	absorbate.n.01
absorbed	1	absorb.v.01
absorbed	2	absorb.v.02
absorbed	3	absorb.v.03
absorbed	4	absorb.v.04
absorbed	5	absorb.v.05
absorbed	6	absorb.v.06
absorbed	7	steep.v.01
absorbed	8	absorb.v.08
absorbed	9	absorb.v.09
absorbed	10	captive.s.02
absorbed	11	absorbed.s.02
absorbeder	1	captive.s.02
absorbeder	2	absorbed.s.02
absorbedest	1	captive.s.02
absorbedest	2	absorbed.s.02
absorbefacient	1	absorbefacient.s.01
absorbefacienter	1	absorbefacient.s.01
absorbefacientest	1	absorbefacient.s.01
absorbencies	1	absorbency.n.01
absorbency	1	absorbency.n.01
absorbencys	1	absorbency.n.01
absorbent	1	absorbent_material.n.01
absorbent	2	absorbent.a.01
absorbent_cotton	1	absorbent_cotton.n.01
absorbent_cottons	1	absorbent_cotton.n.01
absorbent_material	1	absorbent_material.n.01
absorbent_materials	1	absorbent_material.n.01
absorbenter	1	absorbent.a.01
absorbentest	1	absorbent.a.01
absorbents	1	absorbent_material.n.01
absorber	1	absorber.n.01
absorbers	1	absorber.n.01
absorbes	1	absorb.v.01
absorbes	2	absorb.v.02
absorbes	3	absorb.v.03
absorbes	4	absorb.v.04
absorbes	5	absorb.v.05
absorbes	6	absorb.v.06
absorbes	7	steep.v.01
absorbes	8	absorb.v.08
absorbes	9	absorb.v.09
absorbing	1	absorb.v.01
absorbing	2	absorb.v.02
absorbing	3	absorb.v.03
absorbing	4	absorb.v.04
absorbing	5	absorb.v.05
absorbing	6	absorb.v.06
absorbing	7	steep.v.01
absorbing	8	absorb.v.08
absorbing	9	absorb.v.09
absorbing	10	absorbing.s.01
absorbinger	1	absorbing.s.01
absorbingest	1	absorbing.s.01
absorptance	1	absorption_coefficient.n.01
absorptances	1	absorption_coefficient.n.01
absorption	3	assimilation.n.02
absorption	4	assimilation.n.03
absorption	5	concentration.n.05
absorption	6	preoccupation.n.02
absorption_coefficient	1	absorption_coefficient.n.01
absorption_coefficients	1	absorption_coefficient.n.01
absorption_factor	1	absorptivity.n.01
absorption_factors	1	absorptivity.n.01
absorption_indicator	1	absorption_indicator.n.01
absorption_indicators	1	absorption_indicator.n.01
absorption_spectrum	1	absorption_spectrum.n.01
absorption_spectrums	1	absorption_spectrum.n.01
absorptions	3	assimilation.n.02
absorptions	4	assimilation.n.03
absorptions	5	concentration.n.05
absorptions	6	preoccupation.n.02
absorptive	1	absorbent.a.01
absorptiveer	1	absorbent.a.01
absorptiveest	1	absorbent.a.01
absorptiver	1	absorbent.a.01
absorptivest	1	absorbent.a.01
absorptivities	1	absorptivity.n.01
absorptivity	1	absorptivity.n.01
absorptivitys	1	absorptivity.n.01
absquatulate	1	abscond.v.01
absquatulated	1	abscond.v.01
absquatulateed	1	abscond.v.01
absquatulatees	1	abscond.v.01
absquatulateing	1	abscond.v.01
absquatulates	1	abscond.v.01
absquatulating	1	abscond.v.01
abss	1	acrylonitrile-butadiene-styrene.n.01
abstain	1	abstain.v.01
abstain	2	abstain.v.02
abstained	1	abstain.v.01
abstained	2	abstain.v.02
abstainer	1	abstainer.n.01
abstainer	2	abstainer.n.02
abstainers	1	abstainer.n.01
abstainers	2	abstainer.n.02
abstaines	1	abstain.v.01
abstaines	2	abstain.v.02
abstaining	1	abstain.v.01
abstaining	2	abstain.v.02
abstains	1	abstain.v.01
abstains	2	abstain.v.02
abstemious	1	abstemious.a.01
abstemious	2	abstemious.s.02
abstemiouser	1	abstemious.a.01
abstemiouser	2	abstemious.s.02
abstemiousest	1	abstemious.a.01
abstemiousest	2	abstemious.s.02
abstemiously	1	abstemiously.r.01
abstemiousness	1	abstemiousness.n.01
abstemiousness	2	abstemiousness.n.02
abstemiousnesses	1	abstemiousness.n.01
abstemiousnesses	2	abstemiousness.n.02
abstemiousnesss	1	abstemiousness.n.01
abstemiousnesss	2	abstemiousness.n.02
abstention	1	abstinence.n.01
abstentions	1	abstinence.n.01
abstentious	1	abstinent.s.01
abstentiouser	1	abstinent.s.01
abstentiousest	1	abstinent.s.01
abstinence	1	abstinence.n.01
abstinence	2	abstinence.n.02
abstinences	1	abstinence.n.01
abstinences	2	abstinence.n.02
abstinent	1	abstainer.n.02
abstinent	2	abstinent.s.01
abstinenter	1	abstinent.s.01
abstinentest	1	abstinent.s.01
abstinents	1	abstainer.n.02
abstract	1	abstraction.n.01
abstract	2	outline.n.02
abstract	3	abstract.v.01
abstract	4	pilfer.v.01
abstract	5	abstract.v.03
abstract	6	abstract.v.04
abstract	7	abstract.a.01
abstract	8	abstract.s.02
abstract	9	abstract.s.03
abstract_art	1	abstractionism.n.01
abstract_artist	1	abstractionist.n.01
abstract_artists	1	abstractionist.n.01
abstract_arts	1	abstractionism.n.01
abstract_entities	1	abstraction.n.06
abstract_entity	1	abstraction.n.06
abstract_entitys	1	abstraction.n.06
abstract_expressionism	1	abstract_expressionism.n.01
abstract_expressionisms	1	abstract_expressionism.n.01
abstract_thought	1	reasoning.n.01
abstract_thoughts	1	reasoning.n.01
abstracted	1	abstract.v.01
abstracted	2	pilfer.v.01
abstracted	3	abstract.v.03
abstracted	4	abstract.v.04
abstracted	5	absent.s.03
abstracteder	1	absent.s.03
abstractedest	1	absent.s.03
abstractedly	1	absently.r.01
abstractedness	1	abstractedness.n.01
abstractednesses	1	abstractedness.n.01
abstractednesss	1	abstractedness.n.01
abstracter	1	abstractor.n.01
abstracter	2	abstract.a.01
abstracter	3	abstract.s.02
abstracter	4	abstract.s.03
abstracters	1	abstractor.n.01
abstractes	1	abstract.v.01
abstractes	2	pilfer.v.01
abstractes	3	abstract.v.03
abstractes	4	abstract.v.04
abstractest	1	abstract.a.01
abstractest	2	abstract.s.02
abstractest	3	abstract.s.03
abstracting	1	abstract.v.01
abstracting	2	pilfer.v.01
abstracting	3	abstract.v.03
abstracting	4	abstract.v.04
abstraction	1	abstraction.n.01
abstraction	2	abstraction.n.02
abstraction	3	abstraction.n.03
abstraction	4	abstraction.n.04
abstraction	5	abstractedness.n.01
abstraction	6	abstraction.n.06
abstractionism	1	abstractionism.n.01
abstractionism	2	abstractionism.n.02
abstractionisms	1	abstractionism.n.01
abstractionisms	2	abstractionism.n.02
abstractionist	1	abstractionist.n.01
abstractionist	2	abstract.s.02
abstractionister	1	abstract.s.02
abstractionistest	1	abstract.s.02
abstractionists	1	abstractionist.n.01
abstractions	1	abstraction.n.01
abstractions	2	abstraction.n.02
abstractions	3	abstraction.n.03
abstractions	4	abstraction.n.04
abstractions	5	abstractedness.n.01
abstractions	6	abstraction.n.06
abstractive	1	abstractive.s.01
abstractiveer	1	abstractive.s.01
abstractiveest	1	abstractive.s.01
abstractiver	1	abstractive.s.01
abstractivest	1	abstractive.s.01
abstractly	1	abstractly.r.01
abstractness	1	abstractness.n.01
abstractnesses	1	abstractness.n.01
abstractnesss	1	abstractness.n.01
abstractor	1	abstractor.n.01
abstractors	1	abstractor.n.01
abstracts	1	abstraction.n.01
abstracts	2	outline.n.02
abstracts	3	abstract.v.01
abstracts	4	pilfer.v.01
abstracts	5	abstract.v.03
abstracts	6	abstract.v.04
abstruseest	1	abstruse.s.01
abstrusely	1	abstrusely.r.01
abstruseness	1	obscureness.n.03
abstruseness	2	reconditeness.n.01
abstrusenesses	1	obscureness.n.03
abstrusenesses	2	reconditeness.n.01
abstrusenesss	1	obscureness.n.03
abstrusenesss	2	reconditeness.n.01
abstrusest	1	abstruse.s.01
abstrusities	1	reconditeness.n.01
abstrusity	1	reconditeness.n.01
abstrusitys	1	reconditeness.n.01
absurd	1	absurd.n.01
absurd	2	absurd.s.01
absurd	3	absurd.s.02
absurder	1	absurd.s.01
absurder	2	absurd.s.02
absurdest	1	absurd.s.01
absurdest	2	absurd.s.02
absurdities	1	absurdity.n.01
absurdities	2	absurdity.n.02
absurdity	1	absurdity.n.01
absurdity	2	absurdity.n.02
absurditys	1	absurdity.n.01
absurditys	2	absurdity.n.02
absurdly	1	absurdly.r.01
absurdness	1	absurdity.n.01
absurdnesses	1	absurdity.n.01
absurdnesss	1	absurdity.n.01
absurds	1	absurd.n.01
abu_ali_al-husain_ibn_abdallah_ibn_sina	1	avicenna.n.01
abu_ali_al-husain_ibn_abdallah_ibn_sinas	1	avicenna.n.01
abu_dhabi	1	abu_dhabi.n.01
abu_dhabis	1	abu_dhabi.n.01
abu_hafs_al-masri_brigades	1	abu_hafs_al-masri_brigades.n.01
abu_hafs_al-masri_brigadeses	1	abu_hafs_al-masri_brigades.n.01
abu_hafs_al-masri_brigadess	1	abu_hafs_al-masri_brigades.n.01
abu_nidal_organization	1	fatah_revolutionary_council.n.01
abu_nidal_organizations	1	fatah_revolutionary_council.n.01
abu_sayyaf	1	abu_sayyaf.n.01
abu_sayyafs	1	abu_sayyaf.n.01
abudefduf	1	abudefduf.n.01
abudefduf_saxatilis	1	sergeant_major.n.02
abudefduf_saxatilises	1	sergeant_major.n.02
abudefduf_saxatiliss	1	sergeant_major.n.02
abudefdufs	1	abudefduf.n.01
abuja	1	abuja.n.01
abujas	1	abuja.n.01
abukir	1	abukir.n.01
abukir_baies	1	abukir.n.01
abukir_bay	1	abukir.n.01
abukir_bays	1	abukir.n.01
abukirs	1	abukir.n.01
abul-walid_mohammed_ibn-ahmad_ibn-mohammed_ibn-roshd	1	averroes.n.01
abul-walid_mohammed_ibn-ahmad_ibn-mohammed_ibn-roshds	1	averroes.n.01
abulia	1	abulia.n.01
abulias	1	abulia.n.01
abulic	1	abulic.s.01
abulicer	1	abulic.s.01
abulicest	1	abulic.s.01
abundance	1	abundance.n.01
abundance	2	abundance.n.02
abundance	3	abundance.n.03
abundances	1	abundance.n.01
abundances	2	abundance.n.02
abundances	3	abundance.n.03
abundant	1	abundant.a.01
abundanter	1	abundant.a.01
abundantest	1	abundant.a.01
abundantly	1	abundantly.r.01
abuse	1	maltreatment.n.01
abuse	2	abuse.n.02
abuse	3	misuse.n.01
abuse	4	mistreat.v.01
abuse	5	pervert.v.03
abuse	6	abuse.v.03
abuse	7	abuse.v.04
abused	1	mistreat.v.01
abused	2	pervert.v.03
abused	3	abuse.v.03
abused	4	abuse.v.04
abused	5	abused.s.01
abused	6	abused.a.02
abuseder	1	abused.s.01
abuseder	2	abused.a.02
abusedest	1	abused.s.01
abusedest	2	abused.a.02
abuseed	1	mistreat.v.01
abuseed	2	pervert.v.03
abuseed	3	abuse.v.03
abuseed	4	abuse.v.04
abusees	1	mistreat.v.01
abusees	2	pervert.v.03
abusees	3	abuse.v.03
abusees	4	abuse.v.04
abuseing	1	mistreat.v.01
abuseing	2	pervert.v.03
abuseing	3	abuse.v.03
abuseing	4	abuse.v.04
abuser	1	abuser.n.01
abusers	1	abuser.n.01
abuses	1	maltreatment.n.01
abuses	2	abuse.n.02
abuses	3	misuse.n.01
abuses	4	mistreat.v.01
abuses	5	pervert.v.03
abuses	6	abuse.v.03
abuses	7	abuse.v.04
abusing	1	mistreat.v.01
abusing	2	pervert.v.03
abusing	3	abuse.v.03
abusing	4	abuse.v.04
abusive	1	abusive.s.01
abusive	2	abusive.s.02
abusiveer	1	abusive.s.01
abusiveer	2	abusive.s.02
abusiveest	1	abusive.s.01
abusiveest	2	abusive.s.02
abusively	1	abusively.r.01
abusiver	1	abusive.s.01
abusiver	2	abusive.s.02
abusivest	1	abusive.s.01
abusivest	2	abusive.s.02
abut	1	border.v.05
abuted	1	border.v.05
abutes	1	border.v.05
abutilon	1	abutilon.n.01
abutilon_theophrasti	1	velvetleaf.n.02
abutilon_theophrastis	1	velvetleaf.n.02
abutilons	1	abutilon.n.01
abuting	1	border.v.05
abutment	1	abutment.n.01
abutment	2	abutment.n.02
abutment_arch	1	abutment_arch.n.01
abutment_arches	1	abutment_arch.n.01
abutment_archs	1	abutment_arch.n.01
abutments	1	abutment.n.01
abutments	2	abutment.n.02
abuts	1	border.v.05
abutted	1	border.v.05
abutter	1	abutter.n.01
abutters	1	abutter.n.01
abutting	1	border.v.05
abuzz	1	abuzz.s.01
abuzzer	1	abuzz.s.01
abuzzest	1	abuzz.s.01
abvolt	1	abvolt.n.01
abvolts	1	abvolt.n.01
abwatt	1	abwatt.n.01
abwatts	1	abwatt.n.01
aby	1	expiate.v.01
aby_moritz_warburg	1	warburg.n.02
aby_moritz_warburgs	1	warburg.n.02
aby_warburg	1	warburg.n.02
aby_warburgs	1	warburg.n.02
abydos	1	abydos.n.01
abydoses	1	abydos.n.01
abydoss	1	abydos.n.01
abye	1	expiate.v.01
abyed	1	expiate.v.01
abyeed	1	expiate.v.01
abyees	1	expiate.v.01
abyeing	1	expiate.v.01
abyes	1	expiate.v.01
abying	1	expiate.v.01
abyla	1	jebel_musa.n.01
abylas	1	jebel_musa.n.01
abys	1	expiate.v.01
abysm	1	abyss.n.01
abysmal	1	abysmal.s.01
abysmal	2	abysmal.s.02
abysmaler	1	abysmal.s.01
abysmaler	2	abysmal.s.02
abysmalest	1	abysmal.s.01
abysmalest	2	abysmal.s.02
abysmally	1	terribly.r.02
abysms	1	abyss.n.01
abyss	1	abyss.n.01
abyss	2	expiate.v.01
abyssal	1	abyssal.a.01
abyssal	2	abysmal.s.02
abyssal_zone	1	abyssal_zone.n.01
abyssal_zones	1	abyssal_zone.n.01
abyssaler	1	abyssal.a.01
abyssaler	2	abysmal.s.02
abyssalest	1	abyssal.a.01
abyssalest	2	abysmal.s.02
abysses	1	abyss.n.01
abysses	2	expiate.v.01
abyssinia	1	ethiopia.n.01
abyssinian	1	abyssinian.n.01
abyssinian_banana	1	abyssinian_banana.n.01
abyssinian_bananas	1	abyssinian_banana.n.01
abyssinian_cat	1	abyssinian.n.01
abyssinian_cats	1	abyssinian.n.01
abyssinians	1	abyssinian.n.01
abyssinias	1	ethiopia.n.01
abysss	1	abyss.n.01
abysss	2	expiate.v.01
ac	1	actinium.n.01
ac	2	alternating_current.n.01
acacia_auriculiformis	1	black_wattle.n.01
acacia_auriculiformises	1	black_wattle.n.01
acacia_auriculiformiss	1	black_wattle.n.01
acacia_cambegei	1	gidgee.n.01
acacia_cambegeis	1	gidgee.n.01
acacia_dealbata	1	silver_wattle.n.01
acacia_dealbatas	1	silver_wattle.n.01
acacia_farnesiana	1	huisache.n.01
acacia_farnesianas	1	huisache.n.01
acacia_melanoxylon	1	lightwood.n.01
acacia_melanoxylons	1	lightwood.n.01
acacia_pycnantha	1	golden_wattle.n.01
acacia_pycnanthas	1	golden_wattle.n.01
acacia_xanthophloea	1	fever_tree.n.04
acacia_xanthophloeas	1	fever_tree.n.04
acacias	1	acacia.n.01
academic_administrator	1	academic_administrator.n.01
academic_administrators	1	academic_administrator.n.01
academic_costume	1	academic_costume.n.01
academic_costumes	1	academic_costume.n.01
academic_degree	1	academic_degree.n.01
academic_degrees	1	academic_degree.n.01
academic_department	1	academic_department.n.01
academic_departments	1	academic_department.n.01
academic_freedom	1	academic_freedom.n.01
academic_freedoms	1	academic_freedom.n.01
academic_program	1	academic_program.n.01
academic_programs	1	academic_program.n.01
academic_relation	1	academic_relation.n.01
academic_relations	1	academic_relation.n.01
academic_requirement	1	academic_requirement.n.01
academic_requirements	1	academic_requirement.n.01
academic_robe	1	academic_gown.n.01
academic_robes	1	academic_gown.n.01
academic_session	1	school_term.n.01
academic_sessions	1	school_term.n.01
academic_term	1	school_term.n.01
academic_terms	1	school_term.n.01
academic_year	1	school_year.n.01
academic_years	1	school_year.n.01
academically	1	academically.r.01
academicer	1	academic.a.01
academicer	2	academic.s.02
academicer	3	academic.s.03
academicest	1	academic.a.01
academicest	2	academic.s.02
academicest	3	academic.s.03
academicians	1	academician.n.01
academicians	2	academician.n.02
academicians	3	academician.n.03
academicianship	1	academicianship.n.01
academicianships	1	academicianship.n.01
academicism	1	scholasticism.n.02
academicisms	1	scholasticism.n.02
academies	1	academy.n.01
academies	2	academy.n.02
academies	3	academy.n.03
academies	4	academy.n.04
academism	1	scholasticism.n.02
academisms	1	scholasticism.n.02
academy_award	1	academy_award.n.01
academy_awards	1	academy_award.n.01
academy_of_motion_picture_arts_and_sciences	1	academy_of_motion_picture_arts_and_sciences.n.01
academy_of_motion_picture_arts_and_scienceses	1	academy_of_motion_picture_arts_and_sciences.n.01
academy_of_motion_picture_arts_and_sciencess	1	academy_of_motion_picture_arts_and_sciences.n.01
academy_of_television_arts_and_sciences	1	academy_of_television_arts_and_sciences.n.01
academy_of_television_arts_and_scienceses	1	academy_of_television_arts_and_sciences.n.01
academy_of_television_arts_and_sciencess	1	academy_of_television_arts_and_sciences.n.01
acadia_national_park	1	acadia_national_park.n.01
acadia_national_parks	1	acadia_national_park.n.01
acadians	1	acadian.n.01
acalypha	1	acalypha.n.01
acalypha_virginica	1	three-seeded_mercury.n.01
acalypha_virginicas	1	three-seeded_mercury.n.01
acalyphas	1	acalypha.n.01
acantha	1	spur.n.02
acanthas	1	spur.n.02
acanthisitta_chloris	1	rifleman_bird.n.01
acanthisitta_chlorises	1	rifleman_bird.n.01
acanthisitta_chloriss	1	rifleman_bird.n.01
acanthocephala	1	acanthocephala.n.01
acanthocephalan	1	acanthocephalan.n.01
acanthocephalans	1	acanthocephalan.n.01
acanthocephalas	1	acanthocephala.n.01
acanthocereus	1	acanthocereus.n.01
acanthocereus_pentagonus	1	pitahaya_cactus.n.01
acanthocereus_pentagonuses	1	pitahaya_cactus.n.01
acanthocereus_pentagonuss	1	pitahaya_cactus.n.01
acanthocereus_tetragonus	1	pitahaya_cactus.n.01
acanthocereus_tetragonuses	1	pitahaya_cactus.n.01
acanthocereus_tetragonuss	1	pitahaya_cactus.n.01
acanthocereuses	1	acanthocereus.n.01
acanthocereuss	1	acanthocereus.n.01
acanthocybium	1	acanthocybium.n.01
acanthocybium_solandri	1	wahoo.n.03
acanthocybium_solandris	1	wahoo.n.03
acanthocybiums	1	acanthocybium.n.01
acanthocyte	1	acanthocyte.n.01
acanthocytes	1	acanthocyte.n.01
acanthocytosis	1	acanthocytosis.n.01
acanthocytosises	1	acanthocytosis.n.01
acanthocytosiss	1	acanthocytosis.n.01
acanthoid	1	acanthoid.s.01
acanthoider	1	acanthoid.s.01
acanthoidest	1	acanthoid.s.01
acantholysis	1	acantholysis.n.01
acantholysises	1	acantholysis.n.01
acantholysiss	1	acantholysis.n.01
acanthoma	1	acanthoma.n.01
acanthomas	1	acanthoma.n.01
acanthophis	1	acanthophis.n.01
acanthophis_antarcticus	1	death_adder.n.01
acanthophis_antarcticuses	1	death_adder.n.01
acanthophis_antarcticuss	1	death_adder.n.01
acanthophises	1	acanthophis.n.01
acanthophiss	1	acanthophis.n.01
acanthopterygian	1	spiny-finned_fish.n.01
acanthopterygians	1	spiny-finned_fish.n.01
acanthopterygii	1	acanthopterygii.n.01
acanthopterygiis	1	acanthopterygii.n.01
acanthoscelides	1	acanthoscelides.n.01
acanthoscelides_obtectus	1	bean_weevil.n.01
acanthoscelides_obtectuses	1	bean_weevil.n.01
acanthoscelides_obtectuss	1	bean_weevil.n.01
acanthoscelideses	1	acanthoscelides.n.01
acanthoscelidess	1	acanthoscelides.n.01
acanthosis	1	acanthosis.n.01
acanthosis_nigricans	1	acanthosis_nigricans.n.01
acanthosis_nigricanses	1	acanthosis_nigricans.n.01
acanthosis_nigricanss	1	acanthosis_nigricans.n.01
acanthosises	1	acanthosis.n.01
acanthosiss	1	acanthosis.n.01
acanthotic	1	acanthotic.a.01
acanthoticer	1	acanthotic.a.01
acanthoticest	1	acanthotic.a.01
acanthous	1	acanthoid.s.01
acanthouser	1	acanthoid.s.01
acanthousest	1	acanthoid.s.01
acanthuridae	1	acanthuridae.n.01
acanthuridaes	1	acanthuridae.n.01
acanthurus	1	acanthurus.n.01
acanthurus_chirurgus	1	doctorfish.n.01
acanthurus_chirurguses	1	doctorfish.n.01
acanthurus_chirurguss	1	doctorfish.n.01
acanthuruses	1	acanthurus.n.01
acanthuruss	1	acanthurus.n.01
acanthus_families	1	acanthaceae.n.01
acanthus_mollis	1	bear's_breech.n.01
acanthus_mollises	1	bear's_breech.n.01
acanthus_molliss	1	bear's_breech.n.01
acapnia	1	hypocapnia.n.01
acapnialer	1	acapnic.a.01
acapnialest	1	acapnic.a.01
acapnias	1	hypocapnia.n.01
acapnicer	1	acapnic.a.01
acapnicest	1	acapnic.a.01
acapnotic	1	acapnic.a.01
acapnoticer	1	acapnic.a.01
acapnoticest	1	acapnic.a.01
acapulco	1	acapulco.n.01
acapulco_de_juarez	1	acapulco.n.01
acapulco_de_juarezes	1	acapulco.n.01
acapulco_de_juarezs	1	acapulco.n.01
acapulco_gold	1	acapulco_gold.n.01
acapulco_golds	1	acapulco_gold.n.01
acapulcos	1	acapulco.n.01
acaracide	1	acaricide.n.01
acaracides	1	acaricide.n.01
acari	1	acarus.n.01
acariasis	1	acariasis.n.01
acariasises	1	acariasis.n.01
acariasiss	1	acariasis.n.01
acaricide	1	acaricide.n.01
acaricides	1	acaricide.n.01
acarid	1	acarid.n.01
acaridae	1	acaridae.n.01
acaridaes	1	acaridae.n.01
acaridiasis	1	acariasis.n.01
acaridiasises	1	acariasis.n.01
acaridiasiss	1	acariasis.n.01
acarids	1	acarid.n.01
acarina	1	acarina.n.01
acarinas	1	acarina.n.01
acarine	1	acarine.n.01
acarines	1	acarine.n.01
acariosis	1	acariasis.n.01
acariosises	1	acariasis.n.01
acariosiss	1	acariasis.n.01
acaroid_resin	1	acaroid_resin.n.01
acaroid_resins	1	acaroid_resin.n.01
acarophobia	1	acarophobia.n.01
acarophobias	1	acarophobia.n.01
acarpellous	1	acarpelous.a.01
acarpellouser	1	acarpelous.a.01
acarpellousest	1	acarpelous.a.01
acarpelous	1	acarpelous.a.01
acarpelouser	1	acarpelous.a.01
acarpelousest	1	acarpelous.a.01
acarpous	1	acarpous.s.01
acarpouser	1	acarpous.s.01
acarpousest	1	acarpous.s.01
acaryote	1	akaryocyte.n.01
acaryotes	1	akaryocyte.n.01
acatalectic	1	acatalectic.n.01
acatalectic	2	acatalectic.a.01
acatalecticer	1	acatalectic.a.01
acatalecticest	1	acatalectic.a.01
acatalectics	1	acatalectic.n.01
acataphasia	1	acataphasia.n.01
acataphasias	1	acataphasia.n.01
acathexia	1	acathexia.n.01
acathexias	1	acathexia.n.01
acathexis	1	acathexis.n.01
acathexises	1	acathexis.n.01
acathexiss	1	acathexis.n.01
acaudal	1	acaudate.a.01
acaudaler	1	acaudate.a.01
acaudalest	1	acaudate.a.01
acaudate	1	acaudate.a.01
acaudateer	1	acaudate.a.01
acaudateest	1	acaudate.a.01
acaudater	1	acaudate.a.01
acaudatest	1	acaudate.a.01
acaulescent	1	acaulescent.a.01
acaulescenter	1	acaulescent.a.01
acaulescentest	1	acaulescent.a.01
acc	1	air_combat_command.n.01
accaroid_resin	1	acaroid_resin.n.01
accaroid_resins	1	acaroid_resin.n.01
accede	1	submit.v.06
accede	3	assent.v.01
acceded	1	submit.v.06
acceded	3	assent.v.01
accedeed	1	submit.v.06
accedeed	3	assent.v.01
accedees	1	submit.v.06
accedees	2	accede.v.02
accedees	3	assent.v.01
accedeing	1	submit.v.06
accedeing	2	accede.v.02
accedeing	3	assent.v.01
accedes	1	submit.v.06
accedes	3	assent.v.01
acceding	1	submit.v.06
acceding	3	assent.v.01
accelerando	1	accelerando.n.01
accelerando	2	accelerando.s.01
accelerando	3	accelerando.r.01
accelerandoer	1	accelerando.s.01
accelerandoest	1	accelerando.s.01
accelerandos	1	accelerando.n.01
accelerate	1	accelerate.v.01
accelerate	2	accelerate.v.02
accelerated	1	accelerate.v.01
accelerated	2	accelerate.v.02
accelerated	3	accelerated.s.01
accelerateder	1	accelerated.s.01
acceleratedest	1	accelerated.s.01
accelerateed	1	accelerate.v.01
accelerateed	2	accelerate.v.02
acceleratees	1	accelerate.v.01
acceleratees	2	accelerate.v.02
accelerateing	1	accelerate.v.01
accelerateing	2	accelerate.v.02
accelerates	1	accelerate.v.01
accelerates	2	accelerate.v.02
accelerating	1	accelerate.v.01
accelerating	2	accelerate.v.02
acceleration	1	acceleration.n.01
acceleration	2	acceleration.n.02
acceleration	3	acceleration.n.03
acceleration_unit	1	acceleration_unit.n.01
acceleration_units	1	acceleration_unit.n.01
accelerations	1	acceleration.n.01
accelerations	2	acceleration.n.02
accelerations	3	acceleration.n.03
accelerative	1	accelerative.s.01
accelerativeer	1	accelerative.s.01
accelerativeest	1	accelerative.s.01
accelerativer	1	accelerative.s.01
accelerativest	1	accelerative.s.01
accelerator	1	accelerator.n.01
accelerator	2	accelerator.n.02
accelerator	3	catalyst.n.01
accelerator	4	accelerator.n.04
accelerator_factor	1	proaccelerin.n.01
accelerator_factors	1	proaccelerin.n.01
accelerator_pedal	1	accelerator.n.01
accelerator_pedals	1	accelerator.n.01
accelerators	1	accelerator.n.01
accelerators	2	accelerator.n.02
accelerators	3	catalyst.n.01
accelerators	4	accelerator.n.04
acceleratory	1	accelerative.s.01
acceleratoryer	1	accelerative.s.01
acceleratoryest	1	accelerative.s.01
accelerometer	1	accelerometer.n.01
accelerometers	1	accelerometer.n.01
accent	3	dialect.n.01
accent_marks	1	accent.n.05
accented	4	stressed.a.02
accenteder	1	tonic.a.03
accenteder	2	stressed.a.02
accentedest	1	tonic.a.03
accentedest	2	stressed.a.02
accentor	1	accentor.n.01
accentors	1	accentor.n.01
accents	3	dialect.n.01
accentual	1	accentual.a.01
accentual	2	accentual.a.02
accentual_system	1	accentual_system.n.01
accentual_systems	1	accentual_system.n.01
accentualer	1	accentual.a.01
accentualer	2	accentual.a.02
accentualest	1	accentual.a.01
accentualest	2	accentual.a.02
accentuate	1	stress.v.01
accentuate	2	stress.v.02
accentuated	1	stress.v.01
accentuated	2	stress.v.02
accentuateed	1	stress.v.01
accentuateed	2	stress.v.02
accentuatees	1	stress.v.01
accentuatees	2	stress.v.02
accentuateing	1	stress.v.01
accentuateing	2	stress.v.02
accentuates	1	stress.v.01
accentuates	2	stress.v.02
accentuating	1	stress.v.01
accentuating	2	stress.v.02
accentuation	1	accentuation.n.01
accentuation	2	emphasizing.n.01
accentuations	1	accentuation.n.01
accentuations	2	emphasizing.n.01
accept	1	accept.v.01
accept	2	accept.v.02
accept	3	accept.v.03
accept	4	accept.v.04
accept	5	accept.v.05
accept	6	bear.v.06
accept	7	accept.v.07
accept	8	accept.v.08
accept	9	accept.v.09
accept	10	take.v.20
accept	11	accept.v.11
acceptabilities	1	acceptability.n.01
acceptability	1	acceptability.n.01
acceptabilitys	1	acceptability.n.01
acceptable	1	acceptable.a.01
acceptable	2	acceptable.s.02
acceptable	3	satisfactory.s.02
acceptable	4	acceptable.s.04
acceptableer	1	acceptable.a.01
acceptableer	2	acceptable.s.02
acceptableer	3	satisfactory.s.02
acceptableer	4	acceptable.s.04
acceptableest	1	acceptable.a.01
acceptableest	2	acceptable.s.02
acceptableest	3	satisfactory.s.02
acceptableest	4	acceptable.s.04
acceptableness	1	acceptability.n.01
acceptablenesses	1	acceptability.n.01
acceptablenesss	1	acceptability.n.01
acceptabler	1	acceptable.a.01
acceptabler	2	acceptable.s.02
acceptabler	3	satisfactory.s.02
acceptabler	4	acceptable.s.04
acceptablest	1	acceptable.a.01
acceptablest	2	acceptable.s.02
acceptablest	3	satisfactory.s.02
acceptablest	4	acceptable.s.04
acceptably	1	acceptably.r.01
acceptance	1	credence.n.01
acceptance	2	adoption.n.01
acceptance	3	acceptance.n.03
acceptance	4	acceptance.n.04
acceptance	5	acceptance.n.05
acceptance	6	toleration.n.01
acceptance	7	acceptance.n.07
acceptance_sampling	1	acceptance_sampling.n.01
acceptance_samplings	1	acceptance_sampling.n.01
acceptances	1	credence.n.01
acceptances	2	adoption.n.01
acceptances	3	acceptance.n.03
acceptances	4	acceptance.n.04
acceptances	5	acceptance.n.05
acceptances	6	toleration.n.01
acceptances	7	acceptance.n.07
acceptant	1	acceptive.s.02
acceptanter	1	acceptive.s.02
acceptantest	1	acceptive.s.02
acceptation	1	acceptation.n.01
acceptation	2	word_meaning.n.01
acceptation	3	adoption.n.01
acceptations	1	acceptation.n.01
acceptations	2	word_meaning.n.01
acceptations	3	adoption.n.01
accepted	1	accept.v.01
accepted	2	accept.v.02
accepted	3	accept.v.03
accepted	4	accept.v.04
accepted	5	accept.v.05
accepted	6	bear.v.06
accepted	7	accept.v.07
accepted	8	accept.v.08
accepted	9	accept.v.09
accepted	10	take.v.20
accepted	11	accept.v.11
accepted	12	accepted.s.01
accepteder	1	accepted.s.01
acceptedest	1	accepted.s.01
acceptes	1	accept.v.01
acceptes	2	accept.v.02
acceptes	3	accept.v.03
acceptes	4	accept.v.04
acceptes	5	accept.v.05
acceptes	6	bear.v.06
acceptes	7	accept.v.07
acceptes	8	accept.v.08
acceptes	9	accept.v.09
acceptes	10	take.v.20
acceptes	11	accept.v.11
accepting	1	accept.v.01
accepting	2	accept.v.02
accepting	3	accept.v.03
accepting	4	accept.v.04
accepting	5	accept.v.05
accepting	6	bear.v.06
accepting	7	accept.v.07
accepting	8	accept.v.08
accepting	9	accept.v.09
accepting	10	take.v.20
accepting	11	accept.v.11
accepting	12	accepting.s.01
acceptinger	1	accepting.s.01
acceptingest	1	accepting.s.01
acceptive	1	acceptive.a.01
acceptive	2	acceptive.s.02
acceptiveer	1	acceptive.a.01
acceptiveer	2	acceptive.s.02
acceptiveest	1	acceptive.a.01
acceptiveest	2	acceptive.s.02
acceptiver	1	acceptive.a.01
acceptiver	2	acceptive.s.02
acceptivest	1	acceptive.a.01
acceptivest	2	acceptive.s.02
acceptor	1	acceptor.n.01
acceptor	2	acceptor.n.02
acceptor_rna	1	transfer_rna.n.01
acceptor_rnas	1	transfer_rna.n.01
acceptors	1	acceptor.n.01
acceptors	2	acceptor.n.02
accepts	1	accept.v.01
accepts	2	accept.v.02
accepts	3	accept.v.03
accepts	4	accept.v.04
accepts	5	accept.v.05
accepts	6	bear.v.06
accepts	7	accept.v.07
accepts	8	accept.v.08
accepts	9	accept.v.09
accepts	10	take.v.20
accepts	11	accept.v.11
access_time	1	access_time.n.01
access_times	1	access_time.n.01
accessaries	1	accessory.n.03
accessary	1	accessory.n.03
accessary	2	accessary.s.01
accessaryer	1	accessary.s.01
accessaryest	1	accessary.s.01
accessarys	1	accessory.n.03
accessed	1	access.v.01
accessed	2	access.v.02
accesses	1	entree.n.02
accesses	2	access.n.02
accesses	3	access.n.03
accesses	4	access.n.04
accesses	5	access.n.05
accesses	6	access.n.06
accesses	7	access.v.01
accesses	8	access.v.02
accessibilities	1	handiness.n.02
accessibilities	2	approachability.n.01
accessibility	1	handiness.n.02
accessibility	2	approachability.n.01
accessibilitys	1	handiness.n.02
accessibilitys	2	approachability.n.01
accessible	1	accessible.a.01
accessible	2	accessible.s.02
accessible	3	accessible.s.03
accessible	4	accessible.s.04
accessibleer	1	accessible.a.01
accessibleer	2	accessible.s.02
accessibleer	3	accessible.s.03
accessibleer	4	accessible.s.04
accessibleest	1	accessible.a.01
accessibleest	2	accessible.s.02
accessibleest	3	accessible.s.03
accessibleest	4	accessible.s.04
accessibler	1	accessible.a.01
accessibler	2	accessible.s.02
accessibler	3	accessible.s.03
accessibler	4	accessible.s.04
accessiblest	1	accessible.a.01
accessiblest	2	accessible.s.02
accessiblest	3	accessible.s.03
accessiblest	4	accessible.s.04
accession	1	accession.n.01
accession	2	accession.n.02
accession	3	accession.n.03
accession	4	accession.n.04
accession	5	entree.n.02
accession	6	accession.n.06
accession	7	accession.v.01
accessional	1	accessional.a.01
accessionaler	1	accessional.a.01
accessionalest	1	accessional.a.01
accessioned	1	accession.v.01
accessiones	1	accession.v.01
accessioning	1	accession.v.01
accessions	1	accession.n.01
accessions	2	accession.n.02
accessions	3	accession.n.03
accessions	4	accession.n.04
accessions	5	entree.n.02
accessions	6	accession.n.06
accessions	7	accession.v.01
accessorial	1	accessorial.s.01
accessorialer	1	accessorial.s.01
accessorialest	1	accessorial.s.01
accessories	1	accessory.n.01
accessories	2	accessory.n.02
accessories	3	accessory.n.03
accessory	1	accessory.n.01
accessory	2	accessory.n.02
accessory	3	accessory.n.03
accessory	4	accessary.s.01
accessory	5	accessory.s.02
accessory_after_the_fact	1	accessory_after_the_fact.n.01
accessory_after_the_facts	1	accessory_after_the_fact.n.01
accessory_before_the_fact	1	accessory_before_the_fact.n.01
accessory_before_the_facts	1	accessory_before_the_fact.n.01
accessory_cephalic_vein	1	accessory_cephalic_vein.n.01
accessory_cephalic_veins	1	accessory_cephalic_vein.n.01
accessory_during_the_fact	1	accessory_during_the_fact.n.01
accessory_during_the_facts	1	accessory_during_the_fact.n.01
accessory_fruit	1	accessory_fruit.n.01
accessory_fruits	1	accessory_fruit.n.01
accessory_hemiazygos_vein	1	accessory_hemiazygos_vein.n.01
accessory_hemiazygos_veins	1	accessory_hemiazygos_vein.n.01
accessory_hemiazygous_vein	1	accessory_hemiazygos_vein.n.01
accessory_hemiazygous_veins	1	accessory_hemiazygos_vein.n.01
accessory_nerve	1	accessory_nerve.n.01
accessory_nerves	1	accessory_nerve.n.01
accessory_vertebral_vein	1	accessory_vertebral_vein.n.01
accessory_vertebral_veins	1	accessory_vertebral_vein.n.01
accessoryer	1	accessary.s.01
accessoryer	2	accessory.s.02
accessoryest	1	accessary.s.01
accessoryest	2	accessory.s.02
accessorys	1	accessory.n.01
accessorys	2	accessory.n.02
accessorys	3	accessory.n.03
accho	1	acre.n.03
acchos	1	acre.n.03
acciaccatura	1	grace_note.n.01
acciaccaturas	1	grace_note.n.01
acciaccature	1	grace_note.n.01
accidence	1	inflectional_morphology.n.01
accidences	1	inflectional_morphology.n.01
accident	1	accident.n.01
accident	2	accident.n.02
accident-prone	1	accident-prone.s.01
accident-proneer	1	accident-prone.s.01
accident-proneest	1	accident-prone.s.01
accident-proner	1	accident-prone.s.01
accident-pronest	1	accident-prone.s.01
accident_surgeries	1	traumatology.n.01
accident_surgery	1	traumatology.n.01
accident_surgerys	1	traumatology.n.01
accidental	1	accidental.n.01
accidental	2	accidental.s.01
accidental_injuries	1	injury.n.02
accidental_injury	1	injury.n.02
accidental_injurys	1	injury.n.02
accidentaler	1	accidental.s.01
accidentalest	1	accidental.s.01
accidentally	1	by_chance.r.03
accidentally	2	incidentally.r.02
accidentally	3	unintentionally.r.01
accidentals	1	accidental.n.01
accidents	1	accident.n.01
accidents	2	accident.n.02
accipiter_cooperii	1	cooper's_hawk.n.01
accipiter_cooperiis	1	cooper's_hawk.n.01
accipiter_gentilis	1	goshawk.n.01
accipiter_gentilises	1	goshawk.n.01
accipiter_gentiliss	1	goshawk.n.01
accipiter_nisus	1	sparrow_hawk.n.02
accipiter_nisuses	1	sparrow_hawk.n.02
accipiter_nisuss	1	sparrow_hawk.n.02
accipitridae	1	accipitridae.n.01
accipitridaes	1	accipitridae.n.01
accipitriformes	1	accipitriformes.n.01
accipitriformeses	1	accipitriformes.n.01
accipitriformess	1	accipitriformes.n.01
accipitrine	1	accipitrine.a.01
accipitrineer	1	accipitrine.a.01
accipitrineest	1	accipitrine.a.01
accipitriner	1	accipitrine.a.01
accipitrinest	1	accipitrine.a.01
acclaim	1	acclaim.n.01
acclaim	2	acclaim.v.01
acclaim	3	applaud.v.01
acclaimed	1	acclaim.v.01
acclaimed	2	applaud.v.01
acclaimes	1	acclaim.v.01
acclaimes	2	applaud.v.01
acclaiming	1	acclaim.v.01
acclaiming	2	applaud.v.01
acclaims	1	acclaim.n.01
acclaims	2	acclaim.v.01
acclaims	3	applaud.v.01
acclamation	1	acclaim.n.01
acclamations	1	acclaim.n.01
acclimate	1	acclimatize.v.01
acclimated	1	acclimatize.v.01
acclimateed	1	acclimatize.v.01
acclimatees	1	acclimatize.v.01
acclimateing	1	acclimatize.v.01
acclimates	1	acclimatize.v.01
acclimating	1	acclimatize.v.01
acclimation	1	acclimatization.n.01
acclimations	1	acclimatization.n.01
acclimatisation	1	acclimatization.n.01
acclimatisations	1	acclimatization.n.01
acclimatise	1	acclimatize.v.01
acclimatised	1	acclimatize.v.01
acclimatiseed	1	acclimatize.v.01
acclimatisees	1	acclimatize.v.01
acclimatiseing	1	acclimatize.v.01
acclimatises	1	acclimatize.v.01
acclimatising	1	acclimatize.v.01
acclimatization	1	acclimatization.n.01
acclimatizations	1	acclimatization.n.01
acclimatize	1	acclimatize.v.01
acclimatized	1	acclimatize.v.01
acclimatizeed	1	acclimatize.v.01
acclimatizees	1	acclimatize.v.01
acclimatizeing	1	acclimatize.v.01
acclimatizes	1	acclimatize.v.01
acclimatizing	1	acclimatize.v.01
acclivities	1	ascent.n.01
acclivitous	1	acclivitous.s.01
acclivitouser	1	acclivitous.s.01
acclivitousest	1	acclivitous.s.01
acclivity	1	ascent.n.01
acclivitys	1	ascent.n.01
accolade	1	award.n.02
accolades	1	award.n.02
accommodate	1	suit.v.01
accommodate	2	adapt.v.01
accommodate	3	accommodate.v.03
accommodate	4	accommodate.v.04
accommodate	5	lodge.v.04
accommodate	6	oblige.v.03
accommodate	7	accommodate.v.07
accommodated	1	suit.v.01
accommodated	2	adapt.v.01
accommodated	3	accommodate.v.03
accommodated	4	accommodate.v.04
accommodated	5	lodge.v.04
accommodated	6	oblige.v.03
accommodated	7	accommodate.v.07
accommodateed	1	suit.v.01
accommodateed	2	adapt.v.01
accommodateed	3	accommodate.v.03
accommodateed	4	accommodate.v.04
accommodateed	5	lodge.v.04
accommodateed	6	oblige.v.03
accommodateed	7	accommodate.v.07
accommodatees	1	suit.v.01
accommodatees	2	adapt.v.01
accommodatees	3	accommodate.v.03
accommodatees	4	accommodate.v.04
accommodatees	5	lodge.v.04
accommodatees	6	oblige.v.03
accommodatees	7	accommodate.v.07
accommodateing	1	suit.v.01
accommodateing	2	adapt.v.01
accommodateing	3	accommodate.v.03
accommodateing	4	accommodate.v.04
accommodateing	5	lodge.v.04
accommodateing	6	oblige.v.03
accommodateing	7	accommodate.v.07
accommodates	1	suit.v.01
accommodates	2	adapt.v.01
accommodates	3	accommodate.v.03
accommodates	4	accommodate.v.04
accommodates	5	lodge.v.04
accommodates	6	oblige.v.03
accommodates	7	accommodate.v.07
accommodating	1	suit.v.01
accommodating	2	adapt.v.01
accommodating	3	accommodate.v.03
accommodating	4	accommodate.v.04
accommodating	5	lodge.v.04
accommodating	6	oblige.v.03
accommodating	7	accommodate.v.07
accommodating	8	accommodating.a.01
accommodating	9	accommodating.s.02
accommodating_iol	1	accommodating_lens_implant.n.01
accommodating_iols	1	accommodating_lens_implant.n.01
accommodating_lens_implant	1	accommodating_lens_implant.n.01
accommodating_lens_implants	1	accommodating_lens_implant.n.01
accommodatinger	1	accommodating.a.01
accommodatinger	2	accommodating.s.02
accommodatingest	1	accommodating.a.01
accommodatingest	2	accommodating.s.02
accommodatingly	1	obligingly.r.01
accommodation	1	adjustment.n.01
accommodation	2	accommodation.n.02
accommodation	3	accommodation.n.03
accommodation	4	accommodation.n.04
accommodation	5	accommodation.n.05
accommodation	6	accommodation.n.06
accommodation_endorser	1	accommodation_endorser.n.01
accommodation_endorsers	1	accommodation_endorser.n.01
accommodation_ladder	1	accommodation_ladder.n.01
accommodation_ladders	1	accommodation_ladder.n.01
accommodation_reflex	1	accommodation_reflex.n.01
accommodation_reflexes	1	accommodation_reflex.n.01
accommodation_reflexs	1	accommodation_reflex.n.01
accommodational	1	accommodational.a.01
accommodationaler	1	accommodational.a.01
accommodationalest	1	accommodational.a.01
accommodations	1	adjustment.n.01
accommodations	2	accommodation.n.02
accommodations	3	accommodation.n.03
accommodations	4	accommodation.n.04
accommodations	5	accommodation.n.05
accommodations	6	accommodation.n.06
accommodative	1	accommodating.a.01
accommodative	2	accommodative.s.02
accommodative	3	accommodative.s.03
accommodativeer	1	accommodating.a.01
accommodativeer	2	accommodative.s.02
accommodativeer	3	accommodative.s.03
accommodativeest	1	accommodating.a.01
accommodativeest	2	accommodative.s.02
accommodativeest	3	accommodative.s.03
accommodativer	1	accommodating.a.01
accommodativer	2	accommodative.s.02
accommodativer	3	accommodative.s.03
accommodativest	1	accommodating.a.01
accommodativest	2	accommodative.s.02
accommodativest	3	accommodative.s.03
accommodator	1	obliger.n.01
accommodators	1	obliger.n.01
accompanied	1	attach_to.v.01
accompanied	2	accompany.v.02
accompanied	3	play_along.v.02
accompanied	4	company.v.01
accompanied	5	accompanied.a.01
accompanied	6	accompanied.a.02
accompanieder	1	accompanied.a.01
accompanieder	2	accompanied.a.02
accompaniedest	1	accompanied.a.01
accompaniedest	2	accompanied.a.02
accompanies	1	attach_to.v.01
accompanies	2	accompany.v.02
accompanies	3	play_along.v.02
accompanies	4	company.v.01
accompaniment	1	accompaniment.n.01
accompaniment	2	accompaniment.n.02
accompaniment	3	complement.n.04
accompaniment	4	escort.n.02
accompaniments	1	accompaniment.n.01
accompaniments	2	accompaniment.n.02
accompaniments	3	complement.n.04
a