zanzibar	zanzibar.n.01
zarqa	az_zarqa.n.01
zealand	zealand.n.01
zion	israel.n.01
zion	zion.n.01
arsenal	arsenal.n.02
bath	bathroom.n.01
casino	casino.n.01
as	american_samoa.n.01
aalborg	aalborg.n.01
aarhus	arhus.n.01
abila	jebel_musa.n.01
abkhazia	abkhaz.n.02
abruzzi	abruzzi.n.01
acapulco	acapulco.n.01
achaea	achaea.n.01
acre	acre.n.02
acre	acre.n.03
aden	aden.n.01
aegina	aegina.n.01
afghanistan	afghanistan.n.01
africa	africa.n.01
alberta	alberta.n.01
alsace	alsace.n.01
alsatia	alsace.n.01
amur	amur.n.01
anatolia	asia_minor.n.01
andalucia	andalusia.n.01
andalusia	andalusia.n.01
andorra	andorra.n.01
anguilla	anguilla.n.01
anjou	anjou.n.01
annaba	annaba.n.01
antarctica	antarctica.n.01
antigua	antigua.n.01
antwerp	antwerpen.n.01
antwerpen	antwerpen.n.01
apalachicola	apalachicola.n.01
appalachia	appalachia.n.01
apulia	puglia.n.01
aqaba	al_aqabah.n.01
aquitaine	aquitaine.n.01
aquitania	aquitaine.n.01
aragon	aragon.n.02
argos	argos.n.01
arhus	arhus.n.01
artois	artois.n.01
asahikawa	asahikawa.n.01
asia	asia.n.02
aspinwall	colon.n.04
assam	assam.n.01
astana	astana.n.01
aswan	aswan.n.01
attica	attica.n.01
auckland	auckland.n.01
australia	australia.n.01
austria	austria.n.01
corona	aureole.n.01
bahrain	bahrain.n.02
baikal	baikal.n.01
bali	bali.n.01
bam	bam.n.01
banff	banff.n.01
bangladesh	bangladesh.n.01
barbados	barbados.n.01
barbados	barbados.n.02
barbuda	barbuda.n.01
barranquilla	barranquilla.n.01
basra	basra.n.01
bataan	bataan.n.01
baykal	baikal.n.01
belau	palau.n.02
belem	belem.n.01
bengal	bengal.n.01
bermuda	bermuda.n.01
bethlehem	bethlehem.n.02
bihar	bihar.n.01
bithynia	bithynia.n.01
blantyre	blantyre.n.01
bloomsbury	bloomsbury.n.01
bolzano	bolzano.n.01
borneo	borneo.n.01
bougainville	bougainville.n.02
bourgogne	bourgogne.n.01
braga	braga.n.01
brandenburg	brandenburg.n.01
brazil	brazil.n.01
brazos	brazos.n.01
brescia	brescia.n.01
bretagne	bretagne.n.01
brittany	bretagne.n.01
brunei	brunei.n.01
buffalo	buffalo.n.02
buganda	buganda.n.01
bulawayo	bulawayo.n.01
burgundy	bourgogne.n.01
burma	myanmar.n.01
byblos	byblos.n.01
cadiz	cadiz.n.01
caesarea	caesarea.n.01
cairo	cairo.n.01
cali	cali.n.01
caloocan	caloocan.n.01
doge	doge.n.01
dogtooth	canine.n.01
dole	dole.n.01
dole	dole.n.02
dollar	dollar.n.03
donna	donna.n.01
assumption	goldno
doorway	doorway.n.01
down	down.n.02
downside	downside.n.01
cambodia	cambodia.n.01
cambria	wales.n.01
campania	campania.n.01
campeche	campeche.n.01
campeche	campeche.n.02
canada	canada.n.01
canaries	canary_islands.n.01
cancun	cancun.n.01
cannae	cannae.n.01
cannes	cannes.n.01
cappadocia	cappadocia.n.01
capri	capri.n.01
caribbean	caribbean.n.01
caribbean	caribbean.n.02
emporium	department_store.n.01
carthage	carthage.n.01
cashmere	kashmir.n.01
caucasus	caucasus.n.01
cebu	cebu.n.01
centre	centre.n.01
chad	chad.n.03
charleroi	charleroi.n.01
charlestown	charlestown.n.01
chechnya	chechnya.n.01
chicago	chicago.n.01
china	china.n.01
chios	chios.n.01
chittagong	chittagong.n.01
christchurch	christchurch.n.01
clichy	clichy.n.01
clyde	clyde.n.01
cologne	cologne.n.01
colon	colon.n.04
colorado	colorado.n.02
colorado	colorado.n.03
colossae	colossae.n.01
colosseum	colosseum.n.01
columbia	columbia.n.01
connecticut	connecticut.n.01
constantine	constantine.n.02
corse	corse.n.02
corsica	corse.n.02
cotacachi	cotacachi.n.01
cotopaxi	cotopaxi.n.01
crete	crete.n.01
cuba	cuba.n.01
curacao	curacao.n.01
czechoslovakia	czechoslovakia.n.01
dachau	dachau.n.01
dakar	dakar.n.01
dalian	dalian.n.01
dallas	dallas.n.01
dalmatia	dalmatia.n.01
danube	danube.n.01
delaware	delaware.n.04
delphi	delphi.n.01
dodecanese	dodecanese.n.01
dominica	dominica.n.02
dubai	dubai.n.01
dublin	dublin.n.01
durres	durres.n.01
egypt	egyptian_empire.n.01
eindhoven	eindhoven.n.01
elam	elam.n.01
elmont	elmont.n.01
england	england.n.01
ephesus	ephesus.n.01
eritrea	eritrea.n.01
eurasia	eurasia.n.01
europe	europe.n.01
europe	europe.n.03
europe	european_union.n.01
faisalabad	faisalabad.n.01
fargo	fargo.n.01
fiji	fiji.n.01
finland	finland.n.01
flanders	flanders.n.01
flint	flint.n.02
franche-comte	franche-comte.n.01
frankfort	frankfurt_on_the_main.n.01
frankfurt	frankfurt_on_the_main.n.01
friesland	friesland.n.02
frisia	frisia.n.01
galapagos	galapagos_islands.n.01
galicia	galicia.n.01
galloway	galloway.n.01
garonne	garonne.n.01
gascony	gascogne.n.01
gasherbrum	gasherbrum.n.01
gaul	gaul.n.03
gaza	gaza_strip.n.01
gdansk	gdansk.n.01
gent	gent.n.03
georgetown	georgetown.n.01
georgia	georgia.n.02
ghent	gent.n.03
gibraltar	gibraltar.n.01
giza	giza.n.01
gizeh	giza.n.01
glasgow	glasgow.n.01
goa	goa.n.01
goldsboro	goldsboro.n.01
gomel	homyel.n.01
greece	greece.n.02
grenada	grenada.n.01
guadeloupe	guadeloupe.n.01
guam	guam.n.01
gujarat	gujarat.n.02
haifa	hefa.n.01
halicarnassus	halicarnassus.n.01
harlem	harlem.n.01
haute-normandie	haute-normandie.n.01
hayti	hispaniola.n.01
hebei	hebei.n.01
hebrides	hebrides.n.01
hefa	hefa.n.01
hejaz	hejaz.n.01
hershey	hershey.n.02
hispaniola	hispaniola.n.01
hohhot	hohhot.n.01
homyel	homyel.n.01
hooker	hooker.n.02
hoover	hoover.n.04
mecca	mecca.n.02
ijsselmeer	ijsselmeer.n.01
iberia	iberian_peninsula.n.01
moccasin	moccasin.n.01
iceland	iceland.n.01
ilion	troy.n.02
illampu	illampu.n.01
illimani	illimani.n.01
illinois	illinois.n.01
indochina	indochina.n.01
innsbruck	innsbruck.n.01
ireland	ireland.n.01
irrawaddy	irrawaddy.n.01
irtysh	irtish.n.01
ischia	ischia.n.01
isere	isere.n.01
islay	islay.n.02
israel	israel.n.02
ithaca	ithaca.n.02
ithaki	ithaca.n.02
jacksonville	jacksonville.n.01
jamaica	jamaica.n.02
jamestown	jamestown.n.01
japan	japan.n.01
java	java.n.01
jeddah	jeddah.n.01
jersey	new_jersey.n.01
jiddah	jeddah.n.01
johannesburg	johannesburg.n.01
juda	judah.n.02
judea	judea.n.01
kadikoy	chalcedon.n.01
karelia	karelia.n.01
karnataka	karnataka.n.01
kashmir	kashmir.n.01
kennedy	kennedy.n.02
khabarovsk	khabarovsk.n.02
kimberley	kimberley.n.01
kingston	kingston.n.01
kiribati	kiribati.n.01
kitakyushu	kitakyushu.n.01
kodiak	kodiak.n.01
orient	eastern_hemisphere.n.01
outback	outback.n.01
korinthos	corinth.n.01
kosovo	kosovo.n.01
krakatoa	krakatau.n.01
pampas	pampas.n.01
kurdistan	kurdistan.n.01
kwazulu-natal	natal.n.01
kwajalein	kwajalein.n.01
labrador	labrador.n.01
lahore	lahore.n.01
lanai	lanai.n.01
lancashire	lancashire.n.01
languedoc-roussillon	languedoc-roussillon.n.01
laos	laos.n.01
lapland	lappland.n.01
latium	latium.n.01
lazio	latium.n.01
lebanon	lebanon.n.01
leeds	leeds.n.01
lesotho	lesotho.n.01
lhasa	lhasa.n.01
lhotse	lhotse.n.01
libya	libya.n.01
liechtenstein	liechtenstein.n.01
liege	liege.n.03
liguria	liguria.n.01
limerick	limerick.n.01
limousin	limousin.n.01
limpopo	limpopo.n.01
lindesnes	lindesnes.n.01
linz	linz.n.01
lisboa	lisbon.n.01
lisbon	lisbon.n.01
liverpool	liverpool.n.01
lofoten	lofoten.n.01
logan	logan.n.01
loire	loire.n.01
lombardia	lombardy.n.01
lombardy	lombardy.n.01
lorraine	lorraine.n.01
luzon	luzon.n.01
lycia	lycia.n.01
mo	missouri.n.01
maarianhamina	mariehamn.n.01
macau	macao.n.01
macedon	macedon.n.01
macedonia	macedon.n.01
macedonia	macedonia.n.01
maghreb	maghreb.n.01
maharashtra	maharashtra.n.01
malaga	malaga.n.01
manchester	manchester.n.01
manchuria	manchuria.n.01
manhattan	manhattan.n.01
manipur	manipur.n.01
manitoba	manitoba.n.01
marche	marche.n.01
mariehamn	mariehamn.n.01
maritimes	maritime_provinces.n.01
marquette	marquette.n.02
martinique	martinique.n.01
maryland	maryland.n.01
maryland	maryland.n.02
mashhad	mashhad.n.01
maui	maui.n.01
mauritius	mauritius.n.02
mawlamyine	moulmein.n.01
mecca	mecca.n.01
mekong	mekong.n.01
melanesia	melanesia.n.01
memphis	memphis.n.01
merrimack	merrimack.n.01
miami	miami.n.02
michigan	michigan.n.01
micronesia	micronesia.n.01
micronesia	micronesia.n.02
midwest	midwest.n.01
milwaukee	milwaukee.n.01
mindanao	mindanao.n.01
mindoro	mindoro.n.01
minneapolis	minneapolis.n.01
mississippi	mississippi.n.01
missouri	missouri.n.01
missouri	missouri.n.02
mobile	mobile.n.01
mongolia	mongolia.n.01
monrovia	monrovia.n.01
montenegro	montenegro.n.01
moravia	moravia.n.01
morocco	morocco.n.01
muscovy	muscovy.n.01
sharer	partaker.n.01
sharpness	sharpness.n.04
myanmar	myanmar.n.01
mycenae	mycenae.n.01
mytilene	lesbos.n.01
ne	nebraska.n.01
nacimiento	nacimiento.n.01
najd	nejd.n.01
nanchang	nanchang.n.01
nantucket	nantucket.n.01
natal	natal.n.01
nauru	nauru.n.01
nauru	nauru.n.02
naze	lindesnes.n.01
nebraska	nebraska.n.01
neckar	neckar.n.01
negev	negev.n.01
nemea	nemea.n.01
neosho	neosho.n.01
nepal	nepal.n.01
nevis	nevis.n.01
newburgh	newburgh.n.01
newport	newport.n.02
nineveh	nineveh.n.01
nord-pas-de-calais	nord-pas-de-calais.n.01
norfolk	norfolk.n.01
normandy	normandie.n.01
northampton	northampton.n.01
northamptonshire	northamptonshire.n.01
nubia	nubia.n.01
nunavut	nunavut.n.01
oahu	oahu.n.01
ob	ob.n.01
oceania	oceania.n.01
odesa	odessa.n.01
odessa	odessa.n.01
ohio	ohio.n.01
ohio	ohio.n.02
omaha	omaha.n.02
oman	oman.n.01
onega	lake_onega.n.01
ontario	ontario.n.02
orange	orange.n.05
tabernacle	synagogue.n.01
orissa	orissa.n.01
orleans	orleans.n.01
orly	orly.n.01
orumiyeh	urmia.n.02
osaka	osaka.n.01
pakistan	pakistan.n.01
palatinate	palatinate.n.01
palatine	palatine.n.03
palau	palau.n.02
palestine	palestine.n.01
palestine	palestine.n.02
temple	synagogue.n.01
tenderloin	combat_zone.n.01
papua	papua.n.01
para	belem.n.01
para	para.n.04
parana	parana.n.01
patagonia	patagonia.n.01
pecos	pecos.n.01
peloponnese	peloponnese.n.01
penn	university_of_pennsylvania.n.01
pennines	pennines.n.01
pennsylvania	pennsylvania.n.01
pennsylvania	pennsylvania.n.02
pennsylvania	university_of_pennsylvania.n.01
persia	iran.n.01
persia	persia.n.01
philippines	philippines.n.02
phoenix	phoenix.n.01
phrygia	phrygia.n.01
picardie	picardie.n.01
picardy	picardie.n.01
platte	platte.n.01
pleven	plevna.n.01
plevna	plevna.n.01
plovdiv	plovdiv.n.01
po	po.n.03
poitou-charentes	poitou-charentes.n.01
polynesia	polynesia.n.01
pomo	pomo.n.01
pompeii	pompeii.n.01
portland	portland.n.01
portland	portland.n.02
porto	porto.n.01
potomac	potomac.n.01
pretoria	pretoria.n.01
principe	principe.n.01
provence	provence.n.01
puglia	puglia.n.01
punjab	punjab.n.01
putrajaya	putrajaya.n.01
qatar	qatar.n.01
quebec	quebec.n.02
rasht	rasht.n.01
recife	recife.n.01
rio	rio_de_janeiro.n.01
rissa	rissa.n.01
riyadh	riyadh.n.01
rotterdam	rotterdam.n.01
rus	rus.n.01
russia	russia.n.03
russia	russia.n.04
russia	soviet_russia.n.01
russia	soviet_union.n.01
saale	saale.n.01
saba	saba.n.01
sabah	sabah.n.01
sachsen	saxony.n.01
safaqis	sfax.n.01
sahara	sahara.n.01
saida	sayda.n.01
saipan	saipan.n.01
salzburg	salzburg.n.01
samarcand	samarkand.n.01
samarkand	samarkand.n.01
samoa	samoa.n.02
santiago	santiago_de_los_caballeros.n.01
sapporo	sapporo.n.01
sarawak	sarawak.n.01
sardegna	sardinia.n.01
sardegna	sardinia.n.02
sardinia	sardinia.n.01
sardinia	sardinia.n.02
saskatchewan	saskatchewan.n.01
sayda	sayda.n.01
scandinavia	scandinavia.n.02
scotland	scotland.n.01
seeland	zealand.n.01
semarang	semarang.n.01
seychelles	seychelles.n.02
sfax	sfax.n.01
sheffield	sheffield.n.01
shetland	shetland.n.01
shikoku	shikoku.n.01
siberia	siberia.n.01
sichuan	szechwan.n.01
sicilia	sicily.n.01
sicilia	sicily.n.02
sicily	sicily.n.01
sicily	sicily.n.02
sidon	sayda.n.01
sinai	sinai.n.03
sion	israel.n.01
skagerrak	skagerrak.n.01
skaw	skagens_odde.n.01
slovenia	slovenia.n.01
soho	soho.n.01
soho	soho.n.02
soudan	sudan.n.02
spain	spain.n.01
sparta	sparta.n.01
split	split.n.06
strasbourg	strasbourg.n.01
strassburg	strasbourg.n.01
sucre	sucre.n.02
sudan	sudan.n.02
sunderland	sunderland.n.01
svalbard	svalbard.n.01
swaziland	swaziland.n.01
switzerland	switzerland.n.01
syria	syria.n.01
taal	afrikaans.n.01
tabasco	tabasco.n.01
tabriz	tabriz.n.01
tahiti	tahiti.n.01
taiwan	taiwan.n.02
taiyuan	taiyuan.n.01
tajikistan	tajikistan.n.01
tampa	tampa.n.01
tanganyika	tanganyika.n.02
tarabulus	tarabulus.n.01
tasmania	tasmania.n.01
tessin	ticino.n.01
texas	texas.n.01
thailand	thailand.n.01
thames	thames.n.01
thebes	thebes.n.01
thebes	thebes.n.02
thessalia	thessalia.n.01
thrace	thrace.n.01
thuringia	thuringia.n.01
tianjin	tianjin.n.01
tibet	tibet.n.01
ticino	ticino.n.01
tigris	tigris.n.01
tijuana	tijuana.n.01
timor	timor.n.01
tirol	tyrol.n.01
tivoli	tivoli.n.01
tobago	tobago.n.01
toulon	toulon.n.01
toulouse	toulouse.n.01
toyohashi	toyohashi.n.01
transvaal	transvaal.n.01
transylvania	transylvania.n.01
tripoli	tarabulus.n.01
tripoli	tripoli.n.02
troy	troy.n.02
tunis	tunis.n.01
tuscany	tuscany.n.01
tuvalu	tuvalu.n.01
tuvalu	tuvalu.n.02
tyrol	tyrol.n.01
ulster	ulster.n.01
umbria	umbria.n.01
ur	ur.n.01
urmia	urmia.n.02
uruguay	uruguay.n.01
utica	utica.n.02
valparaiso	valparaiso.n.01
veneto	veneto.n.01
veracruz	veracruz.n.01
versailles	versailles.n.02
vesper	evening_star.n.01
vetluga	vetluga.n.01
victoria	victoria.n.03
vietnam	vietnam.n.01
virginia	virginia.n.02
waikiki	waikiki.n.01
wales	wales.n.01
weimar	weimar.n.01
weisshorn	weisshorn.n.01
wembley	wembley.n.01
whitehall	whitehall.n.01
wilkes	wilkes.n.01
wisconsin	wisconsin.n.02
worcester	worcester.n.02
worcester	worcester.n.03
xinjiang	xinjiang.n.01
yalta	yalta.n.01
yerupaja	yerupaja.n.01
yokohama	yokohama.n.01
yorktown	yorktown.n.01
yucatan	yucatan.n.01
yugoslavia	serbia_and_montenegro.n.01
yukon	yukon.n.02
yunnan	yunnan.n.01
borodino	borodino.n.01
nag_hammadi	nag_hammadi.n.02
cow_town	cow_town.n.01
national_capital	national_capital.n.01
namibia	namibia.n.01
south_west_africa	namibia.n.01
windhoek	windhoek.n.01
herat	herat.n.01
jalalabad	jalalabad.n.01
kabul	kabul.n.01
kandahar	kandahar.n.01
qandahar	kandahar.n.01
albania	albania.n.01
tirana	tirana.n.01
algeria	algeria.n.01
algiers	algiers.n.01
batna	batna.n.01
blida	blida.n.01
oran	oran.n.01
djanet	djanet.n.01
reggane	reggane.n.01
timgad	timgad.n.01
timimoun	timimoun.n.01
angola	angola.n.01
luanda	luanda.n.01
huambo	huambo.n.01
lobito	lobito.n.01
george_town	george_town.n.01
antigua_and_barbuda	antigua_and_barbuda.n.01
hamilton	hamilton.n.06
argentina	argentina.n.01
bahia_blanca	bahia_blanca.n.01
buenos_aires	buenos_aires.n.01
cordoba	cordoba.n.04
cordova	cordoba.n.04
moron	moron.n.02
rosario	rosario.n.01
bulgaria	bulgaria.n.01
sofia	sofia.n.01
dobrich	dobrich.n.01
varna	varna.n.01
yangon	yangon.n.01
rangoon	yangon.n.01
mandalay	mandalay.n.01
burundi	burundi.n.01
bujumbura	bujumbura.n.01
cameroon	cameroon.n.02
cameroun	cameroon.n.02
yaounde	yaounde.n.01
douala	douala.n.01
praia	praia.n.01
central_african_republic	central_african_republic.n.01
central_africa	central_african_republic.n.01
bangui	bangui.n.01
sri_lanka	sri_lanka.n.01
ceylon	sri_lanka.n.01
colombo	colombo.n.01
kandy	kandy.n.01
ndjamena	n'djamena.n.01
chile	chile.n.01
antofagasta	antofagasta.n.01
concepcion	concepcion.n.01
santiago	gran_santiago.n.01
punta_arenas	punta_arenas.n.01
temuco	temuco.n.01
beijing	beijing.n.01
peking	beijing.n.01
chongqing	chongqing.n.01
guangdong	guangdong.n.01
guangzhou	guangzhou.n.01
canton	guangzhou.n.01
gansu	gansu.n.01
hunan	hunan.n.01
lanzhou	lanzhou.n.01
luoyang	luoyang.n.01
hangzhou	hangzhou.n.01
nanning	nanning.n.01
nanjing	nanjing.n.01
shanghai	shanghai.n.01
shenyang	shenyang.n.01
tangshan	tangshan.n.01
wuhan	wuhan.n.01
xian	xian.n.01
changan	xian.n.01
taipei	taipei.n.01
taichung	taichung.n.01
colombia	colombia.n.01
bogota	bogota.n.01
cartagena	cartagena.n.02
soledad	soledad.n.01
comoros	comoros.n.01
republic_of_the_congo	congo.n.03
brazzaville	brazzaville.n.01
democratic_republic_of_the_congo	congo.n.01
zaire	congo.n.01
belgian_congo	congo.n.01
goma	goma.n.01
kananga	kananga.n.01
kinshasa	kinshasa.n.01
lubumbashi	lubumbashi.n.01
costa_rica	costa_rica.n.01
san_jose	san_jose.n.02
abidjan	abidjan.n.01
guatemala	guatemala.n.01
guatemala_city	guatemala_city.n.01
belize	belize.n.01
honduras	honduras.n.01
tegucigalpa	tegucigalpa.n.01
el_salvador	el_salvador.n.01
salvador	el_salvador.n.01
san_salvador	san_salvador.n.01
santa_ana	santa_ana.n.04
nicaragua	nicaragua.n.01
managua	managua.n.01
panama	panama.n.01
panama_city	panama_city.n.02
merida	merida.n.01
mexico	mexico.n.01
chihuahua	chihuahua.n.02
chihuahua	chihuahua.n.01
ciudad_juarez	ciudad_juarez.n.01
juarez	ciudad_juarez.n.01
ciudad_victoria	ciudad_victoria.n.01
coahuila	coahuila.n.01
culiacan	culiacan.n.01
durango	durango.n.01
guadalajara	guadalajara.n.01
hermosillo	hermosillo.n.01
leon	leon.n.03
matamoros	matamoros.n.01
mazatlan	mazatlan.n.01
mexicali	mexicali.n.01
ciudad_de_mexico	mexico_city.n.01
monterrey	monterrey.n.01
nogales	nogales.n.02
oaxaca	oaxaca.n.01
orizaba	orizaba.n.01
puebla	puebla.n.01
san_luis_potosi	san_luis_potosi.n.01
santa_maria_del_tule	santa_maria_del_tule.n.01
tepic	tepic.n.01
tampico	tampico.n.01
torreon	torreon.n.01
tuxtla_gutierrez	tuxtla_gutierrez.n.01
villahermosa	villahermosa.n.01
havana	havana.n.01
santiago_de_cuba	santiago_de_cuba.n.01
santiago	santiago_de_cuba.n.01
guantanamo	guantanamo.n.01
haiti	haiti.n.01
port-au-prince	port-au-prince.n.01
dominican_republic	dominican_republic.n.01
santo_domingo	santo_domingo.n.01
ciudad_trujillo	santo_domingo.n.01
san_juan	san_juan.n.01
jamaica	jamaica.n.01
kingston	kingston.n.03
bridgetown	bridgetown.n.01
port_of_spain	port_of_spain.n.01
port-of-spain	port_of_spain.n.01
cyprus	cyprus.n.01
nicosia	nicosia.n.01
czech_republic	czech_republic.n.01
plzen	pilsen.n.01
prague	prague.n.01
brno	brno.n.01
brunn	brno.n.01
ostrava	ostrava.n.01
bohemia	bohemia.n.01
slovakia	slovakia.n.01
slovak_republic	slovakia.n.01
bratislava	bratislava.n.01
benin	benin.n.01
dahomey	benin.n.01
togo	togo.n.01
lome	lome.n.01
denmark	denmark.n.01
kingdom_of_denmark	denmark.n.01
copenhagen	copenhagen.n.01
viborg	viborg.n.01
djibouti	djibouti.n.02
djibouti	djibouti.n.01
dominica	dominica.n.01
roseau	roseau.n.01
malabo	malabo.n.01
norway	norway.n.01
oslo	oslo.n.01
bergen	bergen.n.01
stavanger	stavanger.n.01
trondheim	trondheim.n.01
stockholm	stockholm.n.01
malmo	malmo.n.01
lund	lund.n.01
goteborg	goteborg.n.01
gothenburg	goteborg.n.01
uppsala	uppsala.n.01
upsala	uppsala.n.01
germany	germany.n.01
german_democratic_republic	east_germany.n.01
west_germany	west_germany.n.01
lower_saxony	lower_saxony.n.01
aachen	aachen.n.01
aken	aachen.n.01
berlin	berlin.n.01
bremen	bremen.n.01
bremerhaven	bremerhaven.n.01
chemnitz	chemnitz.n.01
dortmund	dortmund.n.01
dresden	dresden.n.01
leipzig	leipzig.n.01
solingen	solingen.n.01
bavaria	bavaria.n.01
hameln	hameln.n.01
hamelin	hameln.n.01
hohenlinden	hohenlinden.n.01
bonn	bonn.n.01
braunschweig	braunschweig.n.01
brunswick	braunschweig.n.01
dusseldorf	dusseldorf.n.01
essen	essen.n.01
halle	halle.n.01
hamburg	hamburg.n.01
hanover	hannover.n.01
lubeck	lubeck.n.01
mannheim	mannheim.n.01
munich	munich.n.01
nuremberg	nuremberg.n.01
potsdam	potsdam.n.01
rostock	rostock.n.01
stuttgart	stuttgart.n.01
wiesbaden	wiesbaden.n.01
wurzburg	wurzburg.n.01
ecuador	ecuador.n.01
guayaquil	guayaquil.n.01
quito	quito.n.01
asmara	asmara.n.01
massawa	massawa.n.01
ethiopia	ethiopia.n.01
addis_ababa	addis_ababa.n.01
suva	suva.n.01
helsinki	helsinki.n.01
espoo	espoo.n.01
tampere	tampere.n.01
greece	greece.n.01
knossos	knossos.n.01
athens	athens.n.01
actium	actium.n.01
patras	patras.n.01
patrai	patras.n.01
plataea	plataea.n.01
thessaloniki	thessaloniki.n.01
stagira	stagira.n.01
nazareth	nazareth.n.01
jerusalem	jerusalem.n.01
jaffa	jaffa.n.01
joppa	jaffa.n.01
samaria	samaria.n.01
italy	italy.n.01
italian_republic	italy.n.01
italia	italy.n.01
ferrara	ferrara.n.01
naples	naples.n.01
napoli	naples.n.01
messina	messina.n.01
bologna	bologna.n.01
rome	rome.n.01
roma	rome.n.01
anzio	anzio.n.01
brindisi	brindisi.n.01
genoa	genoa.n.01
genova	genoa.n.01
cremona	cremona.n.01
la_spezia	la_spezia.n.01
milan	milan.n.01
milano	milan.n.01
pisa	pisa.n.01
syracuse	syracuse.n.02
turin	turin.n.01
bari	bari.n.01
palermo	palermo.n.01
agrigento	agrigento.n.01
florence	firenze.n.01
trento	trento.n.01
trent	trento.n.01
padua	padua.n.01
padova	padua.n.01
venice	venice.n.01
verona	verona.n.01
romania	romania.n.01
brasov	brasov.n.01
bucharest	bucharest.n.01
bucuresti	bucharest.n.01
rwanda	rwanda.n.01
kigali	kigali.n.01
croatia	croatia.n.01
belgrade	belgrade.n.01
sarajevo	sarajevo.n.01
ljubljana	ljubljana.n.01
dubrovnik	dubrovnik.n.01
ragusa	dubrovnik.n.01
zagreb	zagreb.n.01
calgary	calgary.n.01
edmonton	edmonton.n.01
british_columbia	british_columbia.n.01
nanaimo	nanaimo.n.01
victoria	victoria.n.07
vancouver	vancouver.n.03
winnipeg	winnipeg.n.01
new_brunswick	new_brunswick.n.02
fredericton	fredericton.n.01
saint_john	saint_john.n.03
yellowknife	yellowknife.n.01
halifax	halifax.n.01
ottawa	ottawa.n.03
hamilton	hamilton.n.05
kingston	kingston.n.02
sault_sainte_marie	sault_sainte_marie.n.01
sudbury	sudbury.n.01
thunder_bay	thunder_bay.n.01
toronto	toronto.n.01
windsor	windsor.n.01
charlottetown	charlottetown.n.01
quebec	quebec.n.01
quebec_city	quebec.n.01
montreal	montreal.n.01
regina	regina.n.01
saskatoon	saskatoon.n.01
dawson	dawson.n.01
whitehorse	whitehorse.n.01
canberra	canberra.n.01
queensland	queensland.n.01
brisbane	brisbane.n.01
sydney	sydney.n.01
victoria	victoria.n.06
melbourne	melbourne.n.02
hobart	hobart.n.01
south_australia	south_australia.n.01
adelaide	adelaide.n.01
perth	perth.n.01
darwin	darwin.n.02
kolonia	kolonia.n.01
funafuti	funafuti.n.01
port_moresby	port_moresby.n.01
vienna	vienna.n.01
graz	graz.n.01
wagram	wagram.n.01
nassau	nassau.n.01
manama	manama.n.01
dhaka	dhaka.n.01
belgium	belgium.n.01
belgique	belgium.n.01
brussels	bruxelles.n.01
aalst	aalst.n.01
bruges	bruges.n.01
namur	namur.n.01
waterloo	waterloo.n.01
botswana	botswana.n.01
gaborone	gaborone.n.01
bolivia	bolivia.n.01
santa_cruz	santa_cruz.n.02
brasilia	brasilia.n.01
curitiba	curitiba.n.01
joao_pessoa	joao_pessoa.n.01
governador_valadares	governador_valadares.n.01
limeira	limeira.n.01
natal	natal.n.02
osasco	osasco.n.01
santos	santos.n.01
sao_bernardo_do_campo	sao_bernardo_do_campo.n.01
sao_goncalo	sao_goncalo.n.01
sao_joao_de_meriti	sao_joao_de_meriti.n.01
sao_jose_dos_campos	sao_jose_dos_campos.n.01
sao_paulo	sao_paulo.n.01
uk	united_kingdom.n.01
great_britain	united_kingdom.n.01
lancaster	lancaster.n.01
london	london.n.01
greater_london	london.n.01
greenwich	greenwich.n.01
westminster	westminster.n.01
city_of_westminster	westminster.n.01
manchester	manchester.n.02
birmingham	birmingham.n.02
oxford	oxford.n.01
cambridge	cambridge.n.03
bath	bath.n.05
blackpool	blackpool.n.01
brighton	brighton.n.01
bristol	bristol.n.01
cheddar	cheddar.n.01
leicester	leicester.n.02
newcastle	newcastle.n.01
portsmouth	portsmouth.n.03
coventry	coventry.n.02
gloucester	gloucester.n.02
stratford-upon-avon	stratford-on-avon.n.01
winchester	winchester.n.01
avon	avon.n.03
berkshire	berkshire.n.01
cornwall	cornwall.n.01
cumbria	cumbria.n.02
cumbria	cumbria.n.01
devon	devon.n.01
devonshire	devon.n.01
essex	essex.n.01
gloucestershire	gloucestershire.n.01
hampshire	hampshire.n.01
hertfordshire	hertfordshire.n.01
kent	kent.n.01
somerset	somerset.n.01
east_sussex	east_sussex.n.01
hastings	hastings.n.02
west_sussex	west_sussex.n.01
canterbury	canterbury.n.01
leicestershire	leicestershire.n.01
leicester	leicestershire.n.01
lincolnshire	lincolnshire.n.01
northumberland	northumberland.n.01
surrey	surrey.n.01
yorkshire	yorkshire.n.01
north_yorkshire	north_yorkshire.n.01
west_yorkshire	west_yorkshire.n.01
south_yorkshire	south_yorkshire.n.01
naseby	naseby.n.01
northumbria	northumbria.n.01
sussex	sussex.n.01
wessex	wessex.n.01
bangor	bangor.n.03
belfast	belfast.n.01
cork	cork.n.03
galway	galway.n.01
tara	tara.n.01
waterford	waterford.n.01
aberdeen	aberdeen.n.04
ayr	ayr.n.01
edinburgh	edinburgh.n.01
aberdare	aberdare.n.01
bangor	bangor.n.02
cardiff	cardiff.n.01
newport	newport.n.01
swansea	swansea.n.01
egypt	egypt.n.01
united_arab_republic	egypt.n.01
alexandria	alexandria.n.02
cairo	cairo.n.02
nag_hammadi	nag_hammadi.n.01
luxor	luxor.n.01
saqqara	saqqara.n.01
suez	suez.n.01
india	india.n.01
sikkim	sikkim.n.01
new_delhi	new_delhi.n.01
delhi	delhi.n.01
bangalore	bangalore.n.01
jabalpur	jabalpur.n.01
calcutta	kolkata.n.01
mumbai	mumbai.n.01
bombay	mumbai.n.01
agra	agra.n.01
hyderabad	hyderabad.n.02
chennai	chennai.n.01
madras	chennai.n.01
lucknow	lucknow.n.01
mysore	mysore.n.01
salem	salem.n.03
tamil_nadu	tamil_nadu.n.01
madras	tamil_nadu.n.01
uttar_pradesh	uttar_pradesh.n.01
west_bengal	west_bengal.n.01
indonesia	indonesia.n.01
jakarta	jakarta.n.01
bandung	bandung.n.01
medan	medan.n.01
teheran	teheran.n.01
tehran	teheran.n.01
abadan	abadan.n.01
isfahan	isfahan.n.01
esfahan	isfahan.n.01
shiraz	shiraz.n.01
persepolis	persepolis.n.01
iraq	iraq.n.01
baghdad	baghdad.n.01
bagdad	baghdad.n.01
karbala	kerbala.n.01
kirkuk	kirkuk.n.01
mosul	mosul.n.01
philippi	philippi.n.01
edirne	edirne.n.01
babylon	babylon.n.01
babylonia	babylonia.n.01
assyria	assyria.n.01
assur	assur.n.01
japan	japan.n.02
tokyo	tokyo.n.01
yeddo	tokyo.n.01
edo	tokyo.n.01
nagano	nagano.n.01
nagoya	nagoya.n.01
kobe	kobe.n.01
kyoto	kyoto.n.01
hiroshima	hiroshima.n.01
fukuoka	fukuoka.n.01
nagasaki	nagasaki.n.01
toyota	toyota.n.01
jordan	jordan.n.02
amman	amman.n.01
jericho	jericho.n.01
kenya	kenya.n.01
nairobi	nairobi.n.01
kisumu	kisumu.n.01
mombasa	mombasa.n.01
nakuru	nakuru.n.01
kuwait	kuwait.n.02
kuwait	kuwait.n.01
kuwait_city	kuwait.n.01
france	france.n.01
paris	paris.n.01
avignon	avignon.n.01
bordeaux	bordeaux.n.01
brest	brest.n.01
calais	calais.n.01
chablis	chablis.n.01
chartres	chartres.n.01
cherbourg	cherbourg.n.01
dijon	dijon.n.01
dunkirk	dunkirk.n.02
grenoble	grenoble.n.01
le_havre	le_havre.n.01
lille	lille.n.01
lyon	lyon.n.01
lyons	lyon.n.01
marseille	marseille.n.01
marseilles	marseille.n.01
nancy	nancy.n.01
nantes	nantes.n.01
nice	nice.n.01
rheims	rheims.n.01
reims	rheims.n.01
tours	tours.n.01
valenciennes	valenciennes.n.01
versailles	versailles.n.01
vichy	vichy.n.01
vienne	vienne.n.01
gabon	gabon.n.01
libreville	libreville.n.01
banjul	banjul.n.01
ghana	ghana.n.01
gold_coast	ghana.n.01
accra	accra.n.01
kumasi	kumasi.n.01
tamale	tamale.n.01
guinea	guinea.n.03
conakry	conakry.n.01
portuguese_guinea	guinea-bissau.n.01
bissau	bissau.n.01
guyana	guyana.n.01
british_guiana	guyana.n.01
georgetown	georgetown.n.02
stabroek	georgetown.n.02
netherlands	netherlands.n.01
kingdom_of_the_netherlands	netherlands.n.01
nederland	netherlands.n.01
holland	netherlands.n.01
amsterdam	amsterdam.n.01
apeldoorn	apeldoorn.n.01
arnhem	arnhem.n.01
nijmegen	nijmegen.n.01
leiden	leiden.n.01
leyden	leiden.n.01
utrecht	utrecht.n.01
friesland	friesland.n.01
hungary	hungary.n.01
budapest	budapest.n.01
reykjavik	reykjavik.n.01
pyongyang	pyongyang.n.01
south_korea	south_korea.n.01
seoul	seoul.n.01
incheon	inchon.n.01
vientiane	vientiane.n.01
bayrut	bayrut.n.01
beirut	bayrut.n.01
sur	sur.n.01
tyre	sur.n.01
maseru	maseru.n.01
liberia	liberia.n.01
benghazi	benghazi.n.01
vaduz	vaduz.n.01
luxembourg	luxembourg.n.02
luxemburg	luxembourg.n.02
luxembourg	luxembourg-ville.n.01
luxemburg	luxembourg-ville.n.01
skopje	skopje.n.01
madagascar	madagascar.n.01
antananarivo	antananarivo.n.01
malawi	malawi.n.01
nyasaland	malawi.n.01
lilongwe	lilongwe.n.01
zomba	zomba.n.01
malaysia	malaysia.n.01
malaya	malaysia.n.01
kuala_lumpur	kuala_lumpur.n.01
maldives	maldives.n.01
male	male.n.03
mali	mali.n.01
bamako	bamako.n.01
timbuktu	timbuktu.n.01
malta	malta.n.01
valletta	valletta.n.01
valetta	valletta.n.01
mauritania	mauritania.n.01
nouakchott	nouakchott.n.01
port_louis	port_louis.n.01
monaco	monaco.n.01
ulaanbaatar	ulan_bator.n.01
casablanca	casablanca.n.01
fez	fez.n.01
fes	fez.n.01
marrakesh	marrakesh.n.01
marrakech	marrakesh.n.01
oujda	oujda.n.01
rabat	rabat.n.01
tangier	tangier.n.01
mozambique	mozambique.n.01
mocambique	mozambique.n.01
beira	beira.n.01
maputo	maputo.n.01
wellington	wellington.n.02
niger	niger.n.02
niamey	niamey.n.01
nigeria	nigeria.n.01
abuja	abuja.n.01
ibadan	ibadan.n.01
katsina	katsina.n.01
lagos	lagos.n.01
maiduguri	maiduguri.n.01
zaria	zaria.n.01
muscat	muscat.n.02
masqat	muscat.n.02
hyderabad	hyderabad.n.01
islamabad	islamabad.n.01
karachi	karachi.n.01
rawalpindi	rawalpindi.n.01
palau	palau.n.01
paraguay	paraguay.n.01
asuncion	asuncion.n.01
peru	peru.n.01
arequipa	arequipa.n.01
cuzco	cuzco.n.01
cusco	cuzco.n.01
lima	lima.n.01
philippines	philippines.n.01
manila	manila.n.02
poland	poland.n.01
warsaw	warszawa.n.01
bydgoszcz	bydgoszcz.n.01
bromberg	bydgoszcz.n.01
cracow	cracow.n.01
krakow	cracow.n.01
czestochowa	czestochowa.n.01
katowice	katowice.n.01
lublin	lublin.n.01
wroclaw	wroclaw.n.01
breslau	wroclaw.n.01
zabrze	zabrze.n.01
portugal	portugal.n.01
setubal	setubal.n.01
doha	doha.n.01
bida	doha.n.01
saint_kitts_and_nevis	saint_kitts_and_nevis.n.01
basseterre	basseterre.n.01
saint_lucia	saint_lucia.n.01
castries	castries.n.01
kingstown	kingstown.n.01
papeete	papeete.n.01
samoa	samoa.n.01
apia	apia.n.01
pago_pago	pago_pago.n.01
sao_tome	sao_tome.n.01
medina	medina.n.01
al_madinah	medina.n.01
dhahran	dhahran.n.01
tabuk	tabuk.n.01
taif	taif.n.01
senegal	senegal.n.01
seychelles	seychelles.n.01
victoria	victoria.n.05
sierra_leone	sierra_leone.n.01
freetown	freetown.n.01
singapore	singapore.n.02
singapore	singapore.n.01
honiara	honiara.n.01
somalia	somalia.n.01
mogadishu	mogadishu.n.01
hargeisa	hargeisa.n.01
durban	durban.n.01
free_state	free_state.n.03
orange_free_state	free_state.n.03
moscow	moscow.n.01
astrakhan	astrakhan.n.02
cherepovets	cherepovets.n.01
grozny	grozny.n.01
kaluga	kaluga.n.01
khabarovsk	khabarovsk.n.01
kursk	kursk.n.01
kazan	kazan.n.02
leningrad	st._petersburg.n.02
saint_petersburg	st._petersburg.n.02
murmansk	murmansk.n.01
nalchik	nalchik.n.01
novgorod	novgorod.n.01
perm	perm.n.01
rostov	rostov.n.01
saratov	saratov.n.01
smolensk	smolensk.n.01
ufa	ufa.n.01
volgograd	volgograd.n.01
novosibirsk	novosibirsk.n.01
chelyabinsk	chelyabinsk.n.01
omsk	omsk.n.01
vladivostok	vladivostok.n.01
belarus	belarus.n.01
minsk	minsk.n.01
pinsk	pinsk.n.01
estonia	estonia.n.01
tallinn	tallinn.n.01
tartu	tartu.n.01
latvia	latvia.n.01
riga	riga.n.01
liepaja	liepaja.n.01
daugavpils	daugavpils.n.01
lithuania	lithuania.n.01
klaipeda	klaipeda.n.01
vilnius	vilnius.n.01
vilna	vilnius.n.01
wilno	vilnius.n.01
kaunas	kaunas.n.01
moldova	moldova.n.01
moldavia	moldova.n.01
chisinau	kishinev.n.01
ukraine	ukraine.n.01
kyyiv	kyyiv.n.01
kiev	kyyiv.n.01
donetsk	donetsk.n.01
chernobyl	chernobyl.n.01
kharkiv	kharkov.n.01
sebastopol	sebastopol.n.01
sevastopol	sebastopol.n.01
armenia	armenia.n.01
yerevan	yerevan.n.01
azerbaijan	azerbaijan.n.01
baku	baku.n.01
georgia	georgia.n.03
tbilisi	tbilisi.n.01
kazakhstan	kazakhstan.n.01
almaty	almaty.n.01
kyrgyzstan	kyrgyzstan.n.01
bishkek	bishkek.n.01
frunze	bishkek.n.01
dushanbe	dushanbe.n.01
turkmenistan	turkmenistan.n.01
tashkent	tashkent.n.01
madrid	madrid.n.01
barcelona	barcelona.n.01
cartagena	cartagena.n.01
cordoba	cordoba.n.03
cordova	cordoba.n.03
granada	granada.n.01
jerez	jerez.n.01
jerez_de_la_frontera	jerez.n.01
leon	leon.n.02
logrono	logrono.n.01
oviedo	oviedo.n.01
san_sebastian	san_sebastian.n.01
sevilla	sevilla.n.01
seville	sevilla.n.01
toledo	toledo.n.02
zaragoza	zaragoza.n.01
saragossa	zaragoza.n.01
leon	leon.n.01
valencia	valencia.n.02
sudan	sudan.n.01
soudan	sudan.n.01
khartoum	khartoum.n.01
omdurman	omdurman.n.01
suriname	suriname.n.01
surinam	suriname.n.01
paramaribo	paramaribo.n.01
mbabane	mbabane.n.01
bern	bern.n.01
berne	bern.n.01
basel	basel.n.01
bale	basel.n.01
geneva	geneva.n.01
geneve	geneva.n.01
interlaken	interlaken.n.01
lausanne	lausanne.n.01
zurich	zurich.n.01
damascus	dimash.n.01
halab	halab.n.01
aleppo	halab.n.01
al_ladhiqiyah	al_ladhiqiyah.n.01
latakia	al_ladhiqiyah.n.01
tanzania	tanzania.n.01
dodoma	dodoma.n.01
mbeya	mbeya.n.01
mwanza	mwanza.n.01
tabora	tabora.n.01
tanga	tanga.n.02
bangkok	bangkok.n.01
krung_thep	bangkok.n.01
tonga	tonga.n.01
tunisia	tunisia.n.01
gafsa	gafsa.n.01
sousse	sousse.n.01
susa	sousse.n.01
susah	sousse.n.01
turkey	turkey.n.02
adana	adana.n.01
seyhan	adana.n.01
ankara	ankara.n.01
antalya	antalya.n.01
antioch	antioch.n.01
antakya	antioch.n.01
istanbul	istanbul.n.01
constantinople	istanbul.n.01
bursa	bursa.n.01
izmir	izmir.n.01
smyrna	izmir.n.01
sardis	sardis.n.01
uganda	uganda.n.01
entebbe	entebbe.n.01
jinja	jinja.n.01
kampala	kampala.n.01
gulu	gulu.n.01
abu_dhabi	abu_dhabi.n.01
alabama	alabama.n.01
al	alabama.n.01
montgomery	montgomery.n.03
birmingham	birmingham.n.01
decatur	decatur.n.03
gadsden	gadsden.n.01
huntsville	huntsville.n.01
mobile	mobile.n.02
selma	selma.n.01
tuscaloosa	tuscaloosa.n.01
tuskegee	tuskegee.n.01
alaska	alaska.n.01
juneau	juneau.n.01
anchorage	anchorage.n.03
nome	nome.n.01
sitka	sitka.n.01
skagway	skagway.n.01
arizona	arizona.n.01
flagstaff	flagstaff.n.01
mesa	mesa.n.02
nogales	nogales.n.01
prescott	prescott.n.01
tucson	tucson.n.01
yuma	yuma.n.02
arkansas	arkansas.n.01
fayetteville	fayetteville.n.03
fort_smith	fort_smith.n.01
hot_springs	hot_springs.n.01
jonesboro	jonesboro.n.01
little_rock	little_rock.n.01
pine_bluff	pine_bluff.n.01
texarkana	texarkana.n.02
california	california.n.01
anaheim	anaheim.n.01
bakersfield	bakersfield.n.01
barstow	barstow.n.01
berkeley	berkeley.n.02
beverly_hills	beverly_hills.n.01
chula_vista	chula_vista.n.01
eureka	eureka.n.02
fresno	fresno.n.01
long_beach	long_beach.n.01
los_angeles	los_angeles.n.01
monterey	monterey.n.01
oakland	oakland.n.01
palo_alto	palo_alto.n.01
pasadena	pasadena.n.01
redding	redding.n.01
riverside	riverside.n.02
sacramento	sacramento.n.01
san_bernardino	san_bernardino.n.01
san_francisco	san_francisco.n.01
san_jose	san_jose.n.01
san_mateo	san_mateo.n.01
san_pablo	san_pablo.n.01
santa_ana	santa_ana.n.03
santa_barbara	santa_barbara.n.01
santa_clara	santa_clara.n.01
santa_cruz	santa_cruz.n.01
colorado	colorado.n.01
boulder	boulder.n.02
colorado_springs	colorado_springs.n.01
denver	denver.n.01
pueblo	pueblo.n.02
bridgeport	bridgeport.n.01
farmington	farmington.n.02
hartford	hartford.n.01
new_haven	new_haven.n.01
new_london	new_london.n.01
waterbury	waterbury.n.01
dover	dover.n.01
wilmington	wilmington.n.02
district_of_columbia	district_of_columbia.n.01
washington	washington.n.01
florida	florida.n.01
daytona_beach	daytona_beach.n.01
fort_lauderdale	fort_lauderdale.n.01
fort_myers	fort_myers.n.01
gainesville	gainesville.n.01
melbourne	melbourne.n.01
miami_beach	miami_beach.n.01
orlando	orlando.n.01
palm_beach	palm_beach.n.01
pensacola	pensacola.n.01
sarasota	sarasota.n.01
saint_petersburg	st._petersburg.n.01
tallahassee	tallahassee.n.01
west_palm_beach	west_palm_beach.n.01
georgia	georgia.n.01
albany	albany.n.02
atlanta	atlanta.n.01
athens	athens.n.03
augusta	augusta.n.02
brunswick	brunswick.n.02
columbus	columbus.n.04
macon	macon.n.01
oxford	oxford.n.02
savannah	savannah.n.01
valdosta	valdosta.n.01
vidalia	vidalia.n.01
hawaii	hawaii.n.01
hilo	hilo.n.01
honolulu	honolulu.n.01
idaho	idaho.n.01
boise	boise.n.01
idaho_falls	idaho_falls.n.01
lewiston	lewiston.n.02
nampa	nampa.n.01
pocatello	pocatello.n.01
carbondale	carbondale.n.01
champaign	champaign.n.02
decatur	decatur.n.02
east_saint_louis	east_saint_louis.n.01
moline	moline.n.01
peoria	peoria.n.01
rockford	rockford.n.01
rock_island	rock_island.n.01
springfield	springfield.n.01
urbana	urbana.n.01
indiana	indiana.n.01
bloomington	bloomington.n.01
evansville	evansville.n.01
fort_wayne	fort_wayne.n.01
gary	gary.n.01
indianapolis	indianapolis.n.01
lafayette	lafayette.n.03
muncie	muncie.n.01
south_bend	south_bend.n.01
iowa	iowa.n.02
council_bluffs	council_bluffs.n.01
davenport	davenport.n.01
cedar_rapids	cedar_rapids.n.01
clinton	clinton.n.04
des_moines	des_moines.n.01
dubuque	dubuque.n.01
mason_city	mason_city.n.01
ottumwa	ottumwa.n.01
sioux_city	sioux_city.n.01
kansas	kansas.n.01
dodge_city	dodge_city.n.01
abilene	abilene.n.02
hays	hays.n.03
kansas_city	kansas_city.n.02
lawrence	lawrence.n.07
salina	salina.n.01
topeka	topeka.n.01
wichita	wichita.n.02
kentucky	kentucky.n.01
bowling_green	bowling_green.n.01
frankfort	frankfort.n.01
lexington	lexington.n.02
louisville	louisville.n.01
owensboro	owensboro.n.01
paducah	paducah.n.01
louisiana	louisiana.n.01
alexandria	alexandria.n.01
baton_rouge	baton_rouge.n.01
lafayette	lafayette.n.02
monroe	monroe.n.04
morgan_city	morgan_city.n.01
shreveport	shreveport.n.01
maine	maine.n.01
augusta	augusta.n.01
bangor	bangor.n.01
brunswick	brunswick.n.01
lewiston	lewiston.n.01
orono	orono.n.01
aberdeen	aberdeen.n.03
annapolis	annapolis.n.01
baltimore	baltimore.n.01
frederick	frederick.n.01
hagerstown	hagerstown.n.01
massachusetts	massachusetts.n.01
old_colony	massachusetts.n.01
boston	boston.n.01
beantown	boston.n.01
cambridge	cambridge.n.02
concord	concord.n.04
gloucester	gloucester.n.01
lexington	lexington.n.01
medford	medford.n.02
pittsfield	pittsfield.n.01
plymouth	plymouth.n.01
salem	salem.n.02
williamstown	williamstown.n.01
alpena	alpena.n.01
ann_arbor	ann_arbor.n.01
detroit	detroit.n.01
motor_city	detroit.n.01
flint	flint.n.03
grand_rapids	grand_rapids.n.01
houghton	houghton.n.02
jackson	jackson.n.11
kalamazoo	kalamazoo.n.01
lansing	lansing.n.01
monroe	monroe.n.03
saginaw	saginaw.n.01
traverse_city	traverse_city.n.01
bemidji	bemidji.n.01
duluth	duluth.n.01
hibbing	hibbing.n.01
mankato	mankato.n.01
rochester	rochester.n.02
saint_cloud	saint_cloud.n.01
saint_paul	saint_paul.n.02
virginia	virginia.n.03
mississippi	mississippi.n.02
biloxi	biloxi.n.02
columbus	columbus.n.03
greenville	greenville.n.03
hattiesburg	hattiesburg.n.01
jackson	jackson.n.10
meridian	meridian.n.02
natchez	natchez.n.01
tupelo	tupelo.n.03
vicksburg	vicksburg.n.01
cape_girardeau	cape_girardeau.n.01
columbia	columbia.n.04
hannibal	hannibal.n.02
independence	independence.n.03
jefferson_city	jefferson_city.n.01
kansas_city	kansas_city.n.01
poplar_bluff	poplar_bluff.n.01
saint_joseph	saint_joseph.n.02
saint_louis	saint_louis.n.02
sedalia	sedalia.n.01
springfield	springfield.n.02
montana	montana.n.01
bozeman	bozeman.n.01
billings	billings.n.01
butte	butte.n.02
great_falls	great_falls.n.01
helena	helena.n.01
missoula	missoula.n.01
grand_island	grand_island.n.01
lincoln	lincoln.n.02
north_platte	north_platte.n.02
nevada	nevada.n.01
carson_city	carson_city.n.01
reno	reno.n.01
new_hampshire	new_hampshire.n.01
concord	concord.n.01
portsmouth	portsmouth.n.02
trenton	trenton.n.01
bayonne	bayonne.n.01
camden	camden.n.01
jersey_city	jersey_city.n.01
morristown	morristown.n.01
newark	newark.n.01
new_brunswick	new_brunswick.n.01
paterson	paterson.n.02
princeton	princeton.n.01
new_mexico	new_mexico.n.01
albuquerque	albuquerque.n.01
carlsbad	carlsbad.n.01
farmington	farmington.n.01
gallup	gallup.n.01
las_cruces	las_cruces.n.01
los_alamos	los_alamos.n.01
roswell	roswell.n.01
santa_fe	santa_fe.n.01
silver_city	silver_city.n.01
albany	albany.n.01
cooperstown	cooperstown.n.01
new_york	new_york.n.01
brooklyn	brooklyn.n.01
ithaca	ithaca.n.01
queens	queens.n.01
staten_island	staten_island.n.01
binghamton	binghamton.n.01
niagara_falls	niagara_falls.n.02
rochester	rochester.n.01
schenectady	schenectady.n.01
syracuse	syracuse.n.01
utica	utica.n.01
saratoga_springs	saratoga_springs.n.01
watertown	watertown.n.02
north_carolina	north_carolina.n.01
raleigh	raleigh.n.02
asheville	asheville.n.01
chapel_hill	chapel_hill.n.01
charlotte	charlotte.n.01
queen_city	charlotte.n.01
durham	durham.n.01
fayetteville	fayetteville.n.02
greensboro	greensboro.n.01
greenville	greenville.n.02
wilmington	wilmington.n.01
winston-salem	winston-salem.n.01
bismarck	bismarck.n.02
akron	akron.n.01
athens	athens.n.02
cleveland	cleveland.n.01
cincinnati	cincinnati.n.01
columbus	columbus.n.01
dayton	dayton.n.01
mansfield	mansfield.n.02
toledo	toledo.n.01
youngstown	youngstown.n.01
oklahoma	oklahoma.n.01
bartlesville	bartlesville.n.01
enid	enid.n.01
lawton	lawton.n.01
mcalester	mcalester.n.01
muskogee	muskogee.n.02
oklahoma_city	oklahoma_city.n.01
tulsa	tulsa.n.01
oregon	oregon.n.01
bend	bend.n.05
eugene	eugene.n.02
klamath_falls	klamath_falls.n.01
medford	medford.n.01
salem	salem.n.01
allentown	allentown.n.01
altoona	altoona.n.01
bethlehem	bethlehem.n.01
erie	erie.n.03
gettysburg	gettysburg.n.01
harrisburg	harrisburg.n.01
chester	chester.n.01
philadelphia	philadelphia.n.01
pittsburgh	pittsburgh.n.01
scranton	scranton.n.01
rhode_island	rhode_island.n.01
providence	providence.n.01
south_carolina	south_carolina.n.02
columbia	columbia.n.03
charleston	charleston.n.02
florence	florence.n.02
greenville	greenville.n.01
south_dakota	south_dakota.n.01
aberdeen	aberdeen.n.02
pierre	pierre.n.01
rapid_city	rapid_city.n.01
tennessee	tennessee.n.01
chattanooga	chattanooga.n.01
columbia	columbia.n.02
jackson	jackson.n.09
johnson_city	johnson_city.n.01
knoxville	knoxville.n.01
nashville	nashville.n.01
abilene	abilene.n.01
amarillo	amarillo.n.01
arlington	arlington.n.01
austin	austin.n.01
beaumont	beaumont.n.03
brownsville	brownsville.n.01
bryan	bryan.n.02
corpus_christi	corpus_christi.n.02
del_rio	del_rio.n.01
el_paso	el_paso.n.01
fort_worth	fort_worth.n.01
galveston	galveston.n.01
garland	garland.n.02
houston	houston.n.01
laredo	laredo.n.01
lubbock	lubbock.n.01
lufkin	lufkin.n.01
mcallen	mcallen.n.01
midland	midland.n.01
odessa	odessa.n.02
paris	paris.n.04
plano	plano.n.01
san_angelo	san_angelo.n.01
san_antonio	san_antonio.n.01
sherman	sherman.n.04
texarkana	texarkana.n.01
tyler	tyler.n.02
victoria	victoria.n.04
waco	waco.n.01
wichita_falls	wichita_falls.n.01
utah	utah.n.01
ogden	ogden.n.02
provo	provo.n.01
salt_lake_city	salt_lake_city.n.01
vermont	vermont.n.01
montpelier	montpelier.n.01
bennington	bennington.n.01
brattleboro	brattleboro.n.01
burlington	burlington.n.01
rutland	rutland.n.01
virginia	virginia.n.01
old_dominion	virginia.n.01
va	virginia.n.01
richmond	richmond.n.01
blacksburg	blacksburg.n.01
newport_news	newport_news.n.01
lynchburg	lynchburg.n.01
portsmouth	portsmouth.n.01
roanoke	roanoke.n.01
virginia_beach	virginia_beach.n.01
fredericksburg	fredericksburg.n.01
petersburg	petersburg.n.01
spotsylvania	spotsylvania.n.01
washington	washington.n.02
wa	washington.n.02
aberdeen	aberdeen.n.01
bellingham	bellingham.n.01
kennewick	kennewick.n.01
olympia	olympia.n.01
seattle	seattle.n.01
spokane	spokane.n.01
tacoma	tacoma.n.01
vancouver	vancouver.n.02
walla_walla	walla_walla.n.01
yakima	yakima.n.01
west_virginia	west_virginia.n.01
beckley	beckley.n.01
charleston	charleston.n.01
clarksburg	clarksburg.n.01
fayetteville	fayetteville.n.01
huntington	huntington.n.04
harpers_ferry	harpers_ferry.n.01
morgantown	morgantown.n.01
parkersburg	parkersburg.n.01
wheeling	wheeling.n.01
appleton	appleton.n.02
eau_claire	eau_claire.n.01
green_bay	green_bay.n.01
la_crosse	la_crosse.n.01
madison	madison.n.02
racine	racine.n.02
superior	superior.n.05
watertown	watertown.n.01
wausau	wausau.n.01
wyoming	wyoming.n.01
casper	casper.n.01
cheyenne	cheyenne.n.01
jackson	jackson.n.08
lander	lander.n.01
laramie	laramie.n.01
rock_springs	rock_springs.n.01
montevideo	montevideo.n.01
port_vila	port_vila.n.01
vila	port_vila.n.01
vatican_city	vatican_city.n.01
venezuela	venezuela.n.01
caracas	caracas.n.01
ciudad_bolivar	ciudad_bolivar.n.01
cumana	cumana.n.01
maracaibo	maracaibo.n.01
maracay	maracay.n.01
valencia	valencia.n.01
hanoi	hanoi.n.01
ho_chi_minh_city	ho_chi_minh_city.n.01
haiphong	haiphong.n.01
yemen	yemen.n.01
sana	sana.n.01
sanaa	sana.n.01
zambia	zambia.n.01
northern_rhodesia	zambia.n.01
lusaka	lusaka.n.01
zimbabwe	zimbabwe.n.01
rhodesia	zimbabwe.n.01
southern_rhodesia	zimbabwe.n.01
harare	harare.n.01
salisbury	harare.n.01
isle_of_wight	wight.n.02
egbert	egbert.n.01
hershey	hershey.n.01
